2025-11-26 00:03:23 [main] INFO  BaseClass - Loading properties file
2025-11-26 00:03:32 [main] INFO  BaseClass - Web Driver Initialized & Browser Initialized
2025-11-26 00:03:32 [main] INFO  BaseClass - Action driver instance is created
2025-11-26 00:03:41 [main] INFO  BaseClass - Web Driver Initialized & Browser Initialized
2025-11-26 00:03:41 [main] INFO  BaseClass - Action driver instance is created
2025-11-26 00:03:49 [main] INFO  BaseClass - Web Driver Initialized & Browser Initialized
2025-11-26 00:03:49 [main] INFO  BaseClass - Action driver instance is created
2025-11-26 00:03:58 [main] INFO  BaseClass - Web Driver Initialized & Browser Initialized
2025-11-26 00:03:58 [main] INFO  BaseClass - Action driver instance is created
2025-11-26 00:32:34 [main] INFO  BaseClass - Initializing Properties file loading...
2025-11-26 00:32:34 [main] INFO  BaseClass - Properties file loaded successfully.
2025-11-26 00:32:34 [main] INFO  BaseClass - Test Setup started...
2025-11-26 00:32:34 [main] INFO  BaseClass - Launching browser: chrome
2025-11-26 00:32:34 [main] DEBUG BaseClass - Initializing ChromeDriver...
2025-11-26 00:32:42 [main] INFO  BaseClass - chrome browser launched successfully.
2025-11-26 00:32:42 [main] INFO  BaseClass - Configuring browser settings...
2025-11-26 00:32:42 [main] DEBUG BaseClass - Applying implicit wait: 10 seconds
2025-11-26 00:32:42 [main] DEBUG BaseClass - Maximizing browser window...
2025-11-26 00:32:42 [main] INFO  BaseClass - Navigating to URL: https://opensource-demo.orangehrmlive.com/web/index.php/auth/login
2025-11-26 00:32:46 [main] DEBUG BaseClass - Static wait for 2 seconds before proceeding...
2025-11-26 00:32:46 [main] DEBUG BaseClass - Static wait for 2 seconds.
2025-11-26 00:32:48 [main] INFO  BaseClass - WebDriver initialized and browser launched successfully.
2025-11-26 00:32:48 [main] DEBUG BaseClass - Creating new ActionDriver instance...
2025-11-26 00:32:48 [main] DEBUG BaseClass - Fetching Properties object.
2025-11-26 00:32:48 [main] INFO  ActionDriver - ActionDriver initialized with explicit wait: 30 seconds
2025-11-26 00:32:48 [main] INFO  BaseClass - ActionDriver instance created.
2025-11-26 00:32:48 [main] INFO  BaseClass - Test execution completed. Starting teardown...
2025-11-26 00:32:48 [main] DEBUG BaseClass - Closing browser...
2025-11-26 00:32:48 [main] INFO  BaseClass - Browser closed successfully.
2025-11-26 00:32:48 [main] INFO  BaseClass - Driver and ActionDriver instances reset to null.
2025-11-26 00:32:48 [main] INFO  BaseClass - Test Setup started...
2025-11-26 00:32:48 [main] INFO  BaseClass - Launching browser: chrome
2025-11-26 00:32:48 [main] DEBUG BaseClass - Initializing ChromeDriver...
2025-11-26 00:32:50 [main] INFO  BaseClass - chrome browser launched successfully.
2025-11-26 00:32:50 [main] INFO  BaseClass - Configuring browser settings...
2025-11-26 00:32:50 [main] DEBUG BaseClass - Applying implicit wait: 10 seconds
2025-11-26 00:32:50 [main] DEBUG BaseClass - Maximizing browser window...
2025-11-26 00:32:50 [main] INFO  BaseClass - Navigating to URL: https://opensource-demo.orangehrmlive.com/web/index.php/auth/login
2025-11-26 00:32:53 [main] DEBUG BaseClass - Static wait for 2 seconds before proceeding...
2025-11-26 00:32:53 [main] DEBUG BaseClass - Static wait for 2 seconds.
2025-11-26 00:32:55 [main] INFO  BaseClass - WebDriver initialized and browser launched successfully.
2025-11-26 00:32:55 [main] DEBUG BaseClass - Creating new ActionDriver instance...
2025-11-26 00:32:55 [main] DEBUG BaseClass - Fetching Properties object.
2025-11-26 00:32:55 [main] INFO  ActionDriver - ActionDriver initialized with explicit wait: 30 seconds
2025-11-26 00:32:55 [main] INFO  BaseClass - ActionDriver instance created.
2025-11-26 00:32:55 [main] INFO  BaseClass - Test execution completed. Starting teardown...
2025-11-26 00:32:55 [main] DEBUG BaseClass - Closing browser...
2025-11-26 00:32:55 [main] INFO  BaseClass - Browser closed successfully.
2025-11-26 00:32:55 [main] INFO  BaseClass - Driver and ActionDriver instances reset to null.
2025-11-26 00:32:55 [main] INFO  BaseClass - Test Setup started...
2025-11-26 00:32:55 [main] INFO  BaseClass - Launching browser: chrome
2025-11-26 00:32:55 [main] DEBUG BaseClass - Initializing ChromeDriver...
2025-11-26 00:32:57 [main] INFO  BaseClass - chrome browser launched successfully.
2025-11-26 00:32:57 [main] INFO  BaseClass - Configuring browser settings...
2025-11-26 00:32:57 [main] DEBUG BaseClass - Applying implicit wait: 10 seconds
2025-11-26 00:32:57 [main] DEBUG BaseClass - Maximizing browser window...
2025-11-26 00:32:57 [main] INFO  BaseClass - Navigating to URL: https://opensource-demo.orangehrmlive.com/web/index.php/auth/login
2025-11-26 00:33:00 [main] DEBUG BaseClass - Static wait for 2 seconds before proceeding...
2025-11-26 00:33:00 [main] DEBUG BaseClass - Static wait for 2 seconds.
2025-11-26 00:33:02 [main] INFO  BaseClass - WebDriver initialized and browser launched successfully.
2025-11-26 00:33:02 [main] DEBUG BaseClass - Creating new ActionDriver instance...
2025-11-26 00:33:02 [main] DEBUG BaseClass - Fetching Properties object.
2025-11-26 00:33:02 [main] INFO  ActionDriver - ActionDriver initialized with explicit wait: 30 seconds
2025-11-26 00:33:02 [main] INFO  BaseClass - ActionDriver instance created.
2025-11-26 00:33:02 [main] DEBUG BaseClass - Returning WebDriver instance.
2025-11-26 00:33:02 [main] DEBUG BaseClass - Returning ActionDriver instance.
2025-11-26 00:33:02 [main] DEBUG BaseClass - Returning WebDriver instance.
2025-11-26 00:33:02 [main] DEBUG BaseClass - Returning ActionDriver instance.
2025-11-26 00:33:02 [main] INFO  ActionDriver - Entering text 'admin' into element: By.name: username
2025-11-26 00:33:02 [main] DEBUG ActionDriver - Waiting for element to be visible: By.name: username
2025-11-26 00:33:03 [main] DEBUG ActionDriver - Text entered successfully into: By.name: username
2025-11-26 00:33:03 [main] INFO  ActionDriver - Entering text 'admin13' into element: By.cssSelector: input[type='password']
2025-11-26 00:33:03 [main] DEBUG ActionDriver - Waiting for element to be visible: By.cssSelector: input[type='password']
2025-11-26 00:33:03 [main] DEBUG ActionDriver - Text entered successfully into: By.cssSelector: input[type='password']
2025-11-26 00:33:03 [main] INFO  ActionDriver - Clicking element: Element classname: oxd-button oxd-button--medium oxd-button--main orangehrm-login-button
2025-11-26 00:33:03 [main] DEBUG ActionDriver - Waiting for element to be clickable: By.xpath: //button[text()=' Login ']
2025-11-26 00:33:03 [main] DEBUG ActionDriver - Click action completed for: By.xpath: //button[text()=' Login ']
2025-11-26 00:33:03 [main] INFO  ActionDriver - Comparing text for element: By.xpath: //p[text()='Invalid credentials']
2025-11-26 00:33:03 [main] DEBUG ActionDriver - Waiting for element to be visible: By.xpath: //p[text()='Invalid credentials']
2025-11-26 00:33:04 [main] INFO  ActionDriver - Expected text matches actual text: 'Invalid credentials'
2025-11-26 00:33:04 [main] INFO  BaseClass - Test execution completed. Starting teardown...
2025-11-26 00:33:04 [main] DEBUG BaseClass - Closing browser...
2025-11-26 00:33:04 [main] INFO  BaseClass - Browser closed successfully.
2025-11-26 00:33:04 [main] INFO  BaseClass - Driver and ActionDriver instances reset to null.
2025-11-26 00:33:04 [main] INFO  BaseClass - Test Setup started...
2025-11-26 00:33:04 [main] INFO  BaseClass - Launching browser: chrome
2025-11-26 00:33:04 [main] DEBUG BaseClass - Initializing ChromeDriver...
2025-11-26 00:33:06 [main] INFO  BaseClass - chrome browser launched successfully.
2025-11-26 00:33:06 [main] INFO  BaseClass - Configuring browser settings...
2025-11-26 00:33:06 [main] DEBUG BaseClass - Applying implicit wait: 10 seconds
2025-11-26 00:33:06 [main] DEBUG BaseClass - Maximizing browser window...
2025-11-26 00:33:06 [main] INFO  BaseClass - Navigating to URL: https://opensource-demo.orangehrmlive.com/web/index.php/auth/login
2025-11-26 00:33:08 [main] DEBUG BaseClass - Static wait for 2 seconds before proceeding...
2025-11-26 00:33:08 [main] DEBUG BaseClass - Static wait for 2 seconds.
2025-11-26 00:33:10 [main] INFO  BaseClass - WebDriver initialized and browser launched successfully.
2025-11-26 00:33:11 [main] DEBUG BaseClass - Creating new ActionDriver instance...
2025-11-26 00:33:11 [main] DEBUG BaseClass - Fetching Properties object.
2025-11-26 00:33:11 [main] INFO  ActionDriver - ActionDriver initialized with explicit wait: 30 seconds
2025-11-26 00:33:11 [main] INFO  BaseClass - ActionDriver instance created.
2025-11-26 00:33:11 [main] DEBUG BaseClass - Returning WebDriver instance.
2025-11-26 00:33:11 [main] DEBUG BaseClass - Returning ActionDriver instance.
2025-11-26 00:33:11 [main] DEBUG BaseClass - Returning WebDriver instance.
2025-11-26 00:33:11 [main] DEBUG BaseClass - Returning ActionDriver instance.
2025-11-26 00:33:11 [main] INFO  ActionDriver - Entering text 'admin' into element: By.name: username
2025-11-26 00:33:11 [main] DEBUG ActionDriver - Waiting for element to be visible: By.name: username
2025-11-26 00:33:11 [main] DEBUG ActionDriver - Text entered successfully into: By.name: username
2025-11-26 00:33:11 [main] INFO  ActionDriver - Entering text 'admin123' into element: By.cssSelector: input[type='password']
2025-11-26 00:33:11 [main] DEBUG ActionDriver - Waiting for element to be visible: By.cssSelector: input[type='password']
2025-11-26 00:33:11 [main] DEBUG ActionDriver - Text entered successfully into: By.cssSelector: input[type='password']
2025-11-26 00:33:11 [main] INFO  ActionDriver - Clicking element: Element classname: oxd-button oxd-button--medium oxd-button--main orangehrm-login-button
2025-11-26 00:33:11 [main] DEBUG ActionDriver - Waiting for element to be clickable: By.xpath: //button[text()=' Login ']
2025-11-26 00:33:11 [main] DEBUG ActionDriver - Click action completed for: By.xpath: //button[text()=' Login ']
2025-11-26 00:33:11 [main] INFO  ActionDriver - Checking visibility of element: By.xpath: //span[text()='Admin']
2025-11-26 00:33:11 [main] DEBUG ActionDriver - Waiting for element to be visible: By.xpath: //span[text()='Admin']
2025-11-26 00:33:13 [main] INFO  ActionDriver - Element is displayed: By.xpath: //span[text()='Admin']
2025-11-26 00:33:13 [main] INFO  ActionDriver - Clicking element: Element classname: oxd-userdropdown-name
2025-11-26 00:33:13 [main] DEBUG ActionDriver - Waiting for element to be clickable: By.className: oxd-userdropdown-name
2025-11-26 00:33:13 [main] DEBUG ActionDriver - Click action completed for: By.className: oxd-userdropdown-name
2025-11-26 00:33:13 [main] INFO  ActionDriver - Clicking element: Element classname: oxd-userdropdown-link
2025-11-26 00:33:13 [main] DEBUG ActionDriver - Waiting for element to be clickable: By.xpath: //a[text()='Logout']
2025-11-26 00:33:16 [main] DEBUG ActionDriver - Click action completed for: By.xpath: //a[text()='Logout']
2025-11-26 00:33:16 [main] DEBUG BaseClass - Static wait for 2 seconds.
2025-11-26 00:33:18 [main] INFO  BaseClass - Test execution completed. Starting teardown...
2025-11-26 00:33:18 [main] DEBUG BaseClass - Closing browser...
2025-11-26 00:33:18 [main] INFO  BaseClass - Browser closed successfully.
2025-11-26 00:33:18 [main] INFO  BaseClass - Driver and ActionDriver instances reset to null.
2025-11-26 00:35:45 [main] INFO  BaseClass - Initializing Properties file loading...
2025-11-26 00:35:45 [main] INFO  BaseClass - Properties file loaded successfully.
2025-11-26 00:35:45 [main] INFO  BaseClass - Test Setup started...
2025-11-26 00:35:45 [main] INFO  BaseClass - Launching browser: chrome
2025-11-26 00:35:45 [main] DEBUG BaseClass - Initializing ChromeDriver...
2025-11-26 00:35:47 [main] INFO  BaseClass - chrome browser launched successfully.
2025-11-26 00:35:47 [main] INFO  BaseClass - Configuring browser settings...
2025-11-26 00:35:47 [main] DEBUG BaseClass - Applying implicit wait: 10 seconds
2025-11-26 00:35:47 [main] DEBUG BaseClass - Maximizing browser window...
2025-11-26 00:35:47 [main] INFO  BaseClass - Navigating to URL: https://opensource-demo.orangehrmlive.com/web/index.php/auth/login
2025-11-26 00:35:50 [main] DEBUG BaseClass - Static wait for 2 seconds before proceeding...
2025-11-26 00:35:50 [main] DEBUG BaseClass - Static wait for 2 seconds.
2025-11-26 00:35:52 [main] INFO  BaseClass - WebDriver initialized and browser launched successfully.
2025-11-26 00:35:52 [main] DEBUG BaseClass - Creating new ActionDriver instance...
2025-11-26 00:35:52 [main] DEBUG BaseClass - Fetching Properties object.
2025-11-26 00:35:52 [main] INFO  ActionDriver - ActionDriver initialized with explicit wait: 30 seconds
2025-11-26 00:35:52 [main] INFO  BaseClass - ActionDriver instance created.
2025-11-26 00:35:52 [main] DEBUG BaseClass - Returning WebDriver instance.
2025-11-26 00:35:52 [main] DEBUG BaseClass - Returning ActionDriver instance.
2025-11-26 00:35:52 [main] DEBUG BaseClass - Returning WebDriver instance.
2025-11-26 00:35:52 [main] DEBUG BaseClass - Returning ActionDriver instance.
2025-11-26 00:35:52 [main] INFO  ActionDriver - Entering text 'admin' into element: By.name: username
2025-11-26 00:35:52 [main] DEBUG ActionDriver - Waiting for element to be visible: By.name: username
2025-11-26 00:35:52 [main] DEBUG ActionDriver - Text entered successfully into: By.name: username
2025-11-26 00:35:52 [main] INFO  ActionDriver - Entering text 'admin123' into element: By.cssSelector: input[type='password']
2025-11-26 00:35:52 [main] DEBUG ActionDriver - Waiting for element to be visible: By.cssSelector: input[type='password']
2025-11-26 00:35:52 [main] DEBUG ActionDriver - Text entered successfully into: By.cssSelector: input[type='password']
2025-11-26 00:35:52 [main] INFO  ActionDriver - Clicking element: Element classname: oxd-button oxd-button--medium oxd-button--main orangehrm-login-button
2025-11-26 00:35:52 [main] DEBUG ActionDriver - Waiting for element to be clickable: By.xpath: //button[text()=' Login ']
2025-11-26 00:35:52 [main] DEBUG ActionDriver - Click action completed for: By.xpath: //button[text()=' Login ']
2025-11-26 00:35:52 [main] INFO  ActionDriver - Comparing text for element: By.xpath: //p[text()='Invalid credentials']
2025-11-26 00:35:52 [main] DEBUG ActionDriver - Waiting for element to be visible: By.xpath: //p[text()='Invalid credentials']
2025-11-26 23:29:04 [main] INFO  BaseClass - Initializing Properties file loading...
2025-11-26 23:29:04 [main] INFO  BaseClass - Properties file loaded successfully.
2025-11-26 23:29:04 [TestNG-test-OrangeHRM-Test-3] INFO  BaseClass - Test Setup started...
2025-11-26 23:29:04 [TestNG-test-OrangeHRM-Test-4] INFO  BaseClass - Test Setup started...
2025-11-26 23:29:04 [TestNG-test-OrangeHRM-Test-2] INFO  BaseClass - Test Setup started...
2025-11-26 23:29:04 [TestNG-test-OrangeHRM-Test-1] INFO  BaseClass - Test Setup started...
2025-11-26 23:29:04 [TestNG-test-OrangeHRM-Test-3] INFO  BaseClass - Launching browser: chrome
2025-11-26 23:29:04 [TestNG-test-OrangeHRM-Test-1] INFO  BaseClass - Launching browser: chrome
2025-11-26 23:29:04 [TestNG-test-OrangeHRM-Test-4] INFO  BaseClass - Launching browser: chrome
2025-11-26 23:29:04 [TestNG-test-OrangeHRM-Test-2] INFO  BaseClass - Launching browser: chrome
2025-11-26 23:29:04 [TestNG-test-OrangeHRM-Test-1] DEBUG BaseClass - Initializing ChromeDriver...
2025-11-26 23:29:04 [TestNG-test-OrangeHRM-Test-3] DEBUG BaseClass - Initializing ChromeDriver...
2025-11-26 23:29:04 [TestNG-test-OrangeHRM-Test-4] DEBUG BaseClass - Initializing ChromeDriver...
2025-11-26 23:29:04 [TestNG-test-OrangeHRM-Test-2] DEBUG BaseClass - Initializing ChromeDriver...
2025-11-26 23:29:13 [TestNG-test-OrangeHRM-Test-3] INFO  BaseClass - chrome browser launched successfully.
2025-11-26 23:29:13 [TestNG-test-OrangeHRM-Test-1] INFO  BaseClass - chrome browser launched successfully.
2025-11-26 23:29:13 [TestNG-test-OrangeHRM-Test-2] INFO  BaseClass - chrome browser launched successfully.
2025-11-26 23:29:13 [TestNG-test-OrangeHRM-Test-1] INFO  BaseClass - Configuring browser settings...
2025-11-26 23:29:13 [TestNG-test-OrangeHRM-Test-2] INFO  BaseClass - Configuring browser settings...
2025-11-26 23:29:13 [TestNG-test-OrangeHRM-Test-4] INFO  BaseClass - chrome browser launched successfully.
2025-11-26 23:29:13 [TestNG-test-OrangeHRM-Test-3] INFO  BaseClass - Configuring browser settings...
2025-11-26 23:29:13 [TestNG-test-OrangeHRM-Test-1] DEBUG BaseClass - Applying implicit wait: 10 seconds
2025-11-26 23:29:13 [TestNG-test-OrangeHRM-Test-3] DEBUG BaseClass - Applying implicit wait: 10 seconds
2025-11-26 23:29:13 [TestNG-test-OrangeHRM-Test-2] DEBUG BaseClass - Applying implicit wait: 10 seconds
2025-11-26 23:29:13 [TestNG-test-OrangeHRM-Test-4] INFO  BaseClass - Configuring browser settings...
2025-11-26 23:29:13 [TestNG-test-OrangeHRM-Test-4] DEBUG BaseClass - Applying implicit wait: 10 seconds
2025-11-26 23:29:13 [TestNG-test-OrangeHRM-Test-1] DEBUG BaseClass - Maximizing browser window...
2025-11-26 23:29:13 [TestNG-test-OrangeHRM-Test-3] DEBUG BaseClass - Maximizing browser window...
2025-11-26 23:29:13 [TestNG-test-OrangeHRM-Test-4] DEBUG BaseClass - Maximizing browser window...
2025-11-26 23:29:13 [TestNG-test-OrangeHRM-Test-2] DEBUG BaseClass - Maximizing browser window...
2025-11-26 23:29:13 [TestNG-test-OrangeHRM-Test-2] INFO  BaseClass - Navigating to URL: https://opensource-demo.orangehrmlive.com/web/index.php/auth/login
2025-11-26 23:29:14 [TestNG-test-OrangeHRM-Test-3] INFO  BaseClass - Navigating to URL: https://opensource-demo.orangehrmlive.com/web/index.php/auth/login
2025-11-26 23:29:14 [TestNG-test-OrangeHRM-Test-1] INFO  BaseClass - Navigating to URL: https://opensource-demo.orangehrmlive.com/web/index.php/auth/login
2025-11-26 23:29:14 [TestNG-test-OrangeHRM-Test-4] INFO  BaseClass - Navigating to URL: https://opensource-demo.orangehrmlive.com/web/index.php/auth/login
2025-11-26 23:29:18 [TestNG-test-OrangeHRM-Test-3] DEBUG BaseClass - Static wait for 2 seconds before proceeding...
2025-11-26 23:29:18 [TestNG-test-OrangeHRM-Test-4] DEBUG BaseClass - Static wait for 2 seconds before proceeding...
2025-11-26 23:29:18 [TestNG-test-OrangeHRM-Test-1] DEBUG BaseClass - Static wait for 2 seconds before proceeding...
2025-11-26 23:29:18 [TestNG-test-OrangeHRM-Test-2] DEBUG BaseClass - Static wait for 2 seconds before proceeding...
2025-11-26 23:29:18 [TestNG-test-OrangeHRM-Test-3] DEBUG BaseClass - Static wait for 2 seconds.
2025-11-26 23:29:18 [TestNG-test-OrangeHRM-Test-4] DEBUG BaseClass - Static wait for 2 seconds.
2025-11-26 23:29:18 [TestNG-test-OrangeHRM-Test-1] DEBUG BaseClass - Static wait for 2 seconds.
2025-11-26 23:29:18 [TestNG-test-OrangeHRM-Test-2] DEBUG BaseClass - Static wait for 2 seconds.
2025-11-26 23:29:20 [TestNG-test-OrangeHRM-Test-2] INFO  BaseClass - WebDriver initialized and browser launched successfully.
2025-11-26 23:29:20 [TestNG-test-OrangeHRM-Test-1] INFO  BaseClass - WebDriver initialized and browser launched successfully.
2025-11-26 23:29:20 [TestNG-test-OrangeHRM-Test-4] INFO  BaseClass - WebDriver initialized and browser launched successfully.
2025-11-26 23:29:20 [TestNG-test-OrangeHRM-Test-3] INFO  BaseClass - WebDriver initialized and browser launched successfully.
2025-11-26 23:29:20 [TestNG-test-OrangeHRM-Test-1] DEBUG BaseClass - Creating new ActionDriver instance...
2025-11-26 23:29:20 [TestNG-test-OrangeHRM-Test-2] DEBUG BaseClass - Creating new ActionDriver instance...
2025-11-26 23:29:20 [TestNG-test-OrangeHRM-Test-3] DEBUG BaseClass - Creating new ActionDriver instance...
2025-11-26 23:29:20 [TestNG-test-OrangeHRM-Test-4] DEBUG BaseClass - Creating new ActionDriver instance...
2025-11-26 23:29:20 [TestNG-test-OrangeHRM-Test-3] DEBUG BaseClass - Fetching Properties object.
2025-11-26 23:29:20 [TestNG-test-OrangeHRM-Test-2] DEBUG BaseClass - Fetching Properties object.
2025-11-26 23:29:20 [TestNG-test-OrangeHRM-Test-1] DEBUG BaseClass - Fetching Properties object.
2025-11-26 23:29:20 [TestNG-test-OrangeHRM-Test-4] DEBUG BaseClass - Fetching Properties object.
2025-11-26 23:29:20 [TestNG-test-OrangeHRM-Test-4] INFO  ActionDriver - ActionDriver initialized with explicit wait: 30 seconds
2025-11-26 23:29:20 [TestNG-test-OrangeHRM-Test-3] INFO  ActionDriver - ActionDriver initialized with explicit wait: 30 seconds
2025-11-26 23:29:20 [TestNG-test-OrangeHRM-Test-1] INFO  ActionDriver - ActionDriver initialized with explicit wait: 30 seconds
2025-11-26 23:29:20 [TestNG-test-OrangeHRM-Test-2] INFO  ActionDriver - ActionDriver initialized with explicit wait: 30 seconds
2025-11-26 23:29:20 [TestNG-test-OrangeHRM-Test-1] INFO  BaseClass - ActionDriver instance created.36
2025-11-26 23:29:20 [TestNG-test-OrangeHRM-Test-3] INFO  BaseClass - ActionDriver instance created.38
2025-11-26 23:29:20 [TestNG-test-OrangeHRM-Test-4] INFO  BaseClass - ActionDriver instance created.39
2025-11-26 23:29:20 [TestNG-test-OrangeHRM-Test-2] INFO  BaseClass - ActionDriver instance created.37
2025-11-26 23:29:20 [TestNG-test-OrangeHRM-Test-4] DEBUG BaseClass - Returning WebDriver instance.
2025-11-26 23:29:20 [TestNG-test-OrangeHRM-Test-3] DEBUG BaseClass - Returning WebDriver instance.
2025-11-26 23:29:20 [TestNG-test-OrangeHRM-Test-3] DEBUG BaseClass - Returning ActionDriver instance.
2025-11-26 23:29:20 [TestNG-test-OrangeHRM-Test-4] DEBUG BaseClass - Returning ActionDriver instance.
2025-11-26 23:29:20 [TestNG-test-OrangeHRM-Test-1] INFO  BaseClass - Test execution completed. Starting teardown...
2025-11-26 23:29:20 [TestNG-test-OrangeHRM-Test-2] INFO  BaseClass - Test execution completed. Starting teardown...
2025-11-26 23:29:20 [TestNG-test-OrangeHRM-Test-1] DEBUG BaseClass - Closing browser...
2025-11-26 23:29:20 [TestNG-test-OrangeHRM-Test-2] DEBUG BaseClass - Closing browser...
2025-11-26 23:29:20 [TestNG-test-OrangeHRM-Test-3] DEBUG BaseClass - Returning WebDriver instance.
2025-11-26 23:29:20 [TestNG-test-OrangeHRM-Test-4] DEBUG BaseClass - Returning WebDriver instance.
2025-11-26 23:29:20 [TestNG-test-OrangeHRM-Test-3] DEBUG BaseClass - Returning ActionDriver instance.
2025-11-26 23:29:20 [TestNG-test-OrangeHRM-Test-4] DEBUG BaseClass - Returning ActionDriver instance.
2025-11-26 23:29:20 [TestNG-test-OrangeHRM-Test-3] INFO  ActionDriver - Entering text 'admin' into element: By.name: username
2025-11-26 23:29:20 [TestNG-test-OrangeHRM-Test-4] INFO  ActionDriver - Entering text 'admin' into element: By.name: username
2025-11-26 23:29:20 [TestNG-test-OrangeHRM-Test-3] DEBUG ActionDriver - Waiting for element to be visible: By.name: username
2025-11-26 23:29:20 [TestNG-test-OrangeHRM-Test-4] DEBUG ActionDriver - Waiting for element to be visible: By.name: username
2025-11-26 23:29:20 [TestNG-test-OrangeHRM-Test-1] INFO  BaseClass - Browser closed successfully.
2025-11-26 23:29:20 [TestNG-test-OrangeHRM-Test-2] INFO  BaseClass - Browser closed successfully.
2025-11-26 23:29:20 [TestNG-test-OrangeHRM-Test-1] INFO  BaseClass - Driver and ActionDriver instances reset to null.
2025-11-26 23:29:20 [TestNG-test-OrangeHRM-Test-2] INFO  BaseClass - Driver and ActionDriver instances reset to null.
2025-11-26 23:29:20 [TestNG-test-OrangeHRM-Test-4] INFO  ActionDriver - Entering text 'admin123' into element: By.cssSelector: input[type='password']
2025-11-26 23:29:20 [TestNG-test-OrangeHRM-Test-3] INFO  ActionDriver - Entering text 'admin123' into element: By.cssSelector: input[type='password']
2025-11-26 23:29:20 [TestNG-test-OrangeHRM-Test-4] DEBUG ActionDriver - Waiting for element to be visible: By.cssSelector: input[type='password']
2025-11-26 23:29:20 [TestNG-test-OrangeHRM-Test-3] DEBUG ActionDriver - Waiting for element to be visible: By.cssSelector: input[type='password']
2025-11-26 23:29:20 [TestNG-test-OrangeHRM-Test-3] INFO  ActionDriver - Comparing text for element: By.xpath: //p[text()='Invalid credentials']
2025-11-26 23:29:20 [TestNG-test-OrangeHRM-Test-4] INFO  ActionDriver - Checking visibility of element: By.xpath: //div[@class='oxd-brand-banner']//img
2025-11-26 23:29:20 [TestNG-test-OrangeHRM-Test-3] DEBUG ActionDriver - Waiting for element to be visible: By.xpath: //p[text()='Invalid credentials']
2025-11-26 23:29:20 [TestNG-test-OrangeHRM-Test-4] DEBUG ActionDriver - Waiting for element to be visible: By.xpath: //div[@class='oxd-brand-banner']//img
2025-11-26 23:29:20 [TestNG-test-OrangeHRM-Test-3] INFO  BaseClass - Test execution completed. Starting teardown...
2025-11-26 23:29:20 [TestNG-test-OrangeHRM-Test-3] DEBUG BaseClass - Closing browser...
2025-11-26 23:29:20 [TestNG-test-OrangeHRM-Test-4] INFO  BaseClass - Test execution completed. Starting teardown...
2025-11-26 23:29:20 [TestNG-test-OrangeHRM-Test-4] DEBUG BaseClass - Closing browser...
2025-11-26 23:29:20 [TestNG-test-OrangeHRM-Test-3] INFO  BaseClass - Browser closed successfully.
2025-11-26 23:29:20 [TestNG-test-OrangeHRM-Test-3] INFO  BaseClass - Driver and ActionDriver instances reset to null.
2025-11-26 23:29:20 [TestNG-test-OrangeHRM-Test-3] INFO  BaseClass - Test Setup started...
2025-11-26 23:29:20 [TestNG-test-OrangeHRM-Test-3] INFO  BaseClass - Launching browser: chrome
2025-11-26 23:29:20 [TestNG-test-OrangeHRM-Test-3] DEBUG BaseClass - Initializing ChromeDriver...
2025-11-26 23:29:20 [TestNG-test-OrangeHRM-Test-4] INFO  BaseClass - Browser closed successfully.
2025-11-26 23:29:20 [TestNG-test-OrangeHRM-Test-4] INFO  BaseClass - Driver and ActionDriver instances reset to null.
2025-11-26 23:29:22 [TestNG-test-OrangeHRM-Test-3] INFO  BaseClass - chrome browser launched successfully.
2025-11-26 23:29:22 [TestNG-test-OrangeHRM-Test-3] INFO  BaseClass - Configuring browser settings...
2025-11-26 23:29:22 [TestNG-test-OrangeHRM-Test-3] DEBUG BaseClass - Applying implicit wait: 10 seconds
2025-11-26 23:29:22 [TestNG-test-OrangeHRM-Test-3] DEBUG BaseClass - Maximizing browser window...
2025-11-26 23:29:22 [TestNG-test-OrangeHRM-Test-3] INFO  BaseClass - Navigating to URL: https://opensource-demo.orangehrmlive.com/web/index.php/auth/login
2025-11-26 23:29:26 [TestNG-test-OrangeHRM-Test-3] DEBUG BaseClass - Static wait for 2 seconds before proceeding...
2025-11-26 23:29:26 [TestNG-test-OrangeHRM-Test-3] DEBUG BaseClass - Static wait for 2 seconds.
2025-11-26 23:29:28 [TestNG-test-OrangeHRM-Test-3] INFO  BaseClass - WebDriver initialized and browser launched successfully.
2025-11-26 23:29:28 [TestNG-test-OrangeHRM-Test-3] DEBUG BaseClass - Creating new ActionDriver instance...
2025-11-26 23:29:28 [TestNG-test-OrangeHRM-Test-3] DEBUG BaseClass - Fetching Properties object.
2025-11-26 23:29:28 [TestNG-test-OrangeHRM-Test-3] INFO  ActionDriver - ActionDriver initialized with explicit wait: 30 seconds
2025-11-26 23:29:28 [TestNG-test-OrangeHRM-Test-3] INFO  BaseClass - ActionDriver instance created.38
2025-11-26 23:29:28 [TestNG-test-OrangeHRM-Test-3] DEBUG BaseClass - Returning WebDriver instance.
2025-11-26 23:29:28 [TestNG-test-OrangeHRM-Test-3] DEBUG BaseClass - Returning ActionDriver instance.
2025-11-26 23:29:28 [TestNG-test-OrangeHRM-Test-3] DEBUG BaseClass - Returning WebDriver instance.
2025-11-26 23:29:28 [TestNG-test-OrangeHRM-Test-3] DEBUG BaseClass - Returning ActionDriver instance.
2025-11-26 23:29:28 [TestNG-test-OrangeHRM-Test-3] INFO  ActionDriver - Entering text 'admin' into element: By.name: username
2025-11-26 23:29:28 [TestNG-test-OrangeHRM-Test-3] DEBUG ActionDriver - Waiting for element to be visible: By.name: username
2025-11-26 23:29:28 [TestNG-test-OrangeHRM-Test-3] DEBUG ActionDriver - Text entered successfully into: By.name: username
2025-11-26 23:29:28 [TestNG-test-OrangeHRM-Test-3] INFO  ActionDriver - Entering text 'admin123' into element: By.cssSelector: input[type='password']
2025-11-26 23:29:28 [TestNG-test-OrangeHRM-Test-3] DEBUG ActionDriver - Waiting for element to be visible: By.cssSelector: input[type='password']
2025-11-26 23:29:28 [TestNG-test-OrangeHRM-Test-3] DEBUG ActionDriver - Text entered successfully into: By.cssSelector: input[type='password']
2025-11-26 23:29:28 [TestNG-test-OrangeHRM-Test-3] INFO  ActionDriver - Clicking element: Element classname: oxd-button oxd-button--medium oxd-button--main orangehrm-login-button
2025-11-26 23:29:28 [TestNG-test-OrangeHRM-Test-3] DEBUG ActionDriver - Waiting for element to be clickable: By.xpath: //button[text()=' Login ']
2025-11-26 23:29:28 [TestNG-test-OrangeHRM-Test-3] DEBUG ActionDriver - Click action completed for: By.xpath: //button[text()=' Login ']
2025-11-26 23:29:28 [TestNG-test-OrangeHRM-Test-3] INFO  ActionDriver - Checking visibility of element: By.xpath: //span[text()='Admin']
2025-11-26 23:29:28 [TestNG-test-OrangeHRM-Test-3] DEBUG ActionDriver - Waiting for element to be visible: By.xpath: //span[text()='Admin']
2025-11-26 23:29:30 [TestNG-test-OrangeHRM-Test-3] INFO  ActionDriver - Element is displayed: By.xpath: //span[text()='Admin']
2025-11-26 23:29:30 [TestNG-test-OrangeHRM-Test-3] INFO  ActionDriver - Clicking element: Element classname: oxd-userdropdown-name
2025-11-26 23:29:30 [TestNG-test-OrangeHRM-Test-3] DEBUG ActionDriver - Waiting for element to be clickable: By.className: oxd-userdropdown-name
2025-11-26 23:29:30 [TestNG-test-OrangeHRM-Test-3] DEBUG ActionDriver - Click action completed for: By.className: oxd-userdropdown-name
2025-11-26 23:29:30 [TestNG-test-OrangeHRM-Test-3] INFO  ActionDriver - Clicking element: Element classname: oxd-userdropdown-link
2025-11-26 23:29:30 [TestNG-test-OrangeHRM-Test-3] DEBUG ActionDriver - Waiting for element to be clickable: By.xpath: //a[text()='Logout']
2025-11-26 23:29:32 [TestNG-test-OrangeHRM-Test-3] DEBUG ActionDriver - Click action completed for: By.xpath: //a[text()='Logout']
2025-11-26 23:29:32 [TestNG-test-OrangeHRM-Test-3] DEBUG BaseClass - Static wait for 2 seconds.
2025-11-26 23:29:34 [TestNG-test-OrangeHRM-Test-3] INFO  BaseClass - Test execution completed. Starting teardown...
2025-11-26 23:29:34 [TestNG-test-OrangeHRM-Test-3] DEBUG BaseClass - Closing browser...
2025-11-26 23:29:35 [TestNG-test-OrangeHRM-Test-3] INFO  BaseClass - Browser closed successfully.
2025-11-26 23:29:35 [TestNG-test-OrangeHRM-Test-3] INFO  BaseClass - Driver and ActionDriver instances reset to null.
2025-11-26 23:32:06 [main] INFO  BaseClass - Initializing Properties file loading...
2025-11-26 23:32:06 [main] INFO  BaseClass - Properties file loaded successfully.
2025-11-26 23:32:06 [TestNG-test-OrangeHRM-Test-4] INFO  BaseClass - Test Setup started...
2025-11-26 23:32:06 [TestNG-test-OrangeHRM-Test-2] INFO  BaseClass - Test Setup started...
2025-11-26 23:32:06 [TestNG-test-OrangeHRM-Test-1] INFO  BaseClass - Test Setup started...
2025-11-26 23:32:06 [TestNG-test-OrangeHRM-Test-3] INFO  BaseClass - Test Setup started...
2025-11-26 23:32:06 [TestNG-test-OrangeHRM-Test-1] INFO  BaseClass - Launching browser: chrome
2025-11-26 23:32:06 [TestNG-test-OrangeHRM-Test-4] INFO  BaseClass - Launching browser: chrome
2025-11-26 23:32:06 [TestNG-test-OrangeHRM-Test-3] INFO  BaseClass - Launching browser: chrome
2025-11-26 23:32:06 [TestNG-test-OrangeHRM-Test-2] INFO  BaseClass - Launching browser: chrome
2025-11-26 23:32:06 [TestNG-test-OrangeHRM-Test-3] DEBUG BaseClass - Initializing ChromeDriver...
2025-11-26 23:32:06 [TestNG-test-OrangeHRM-Test-4] DEBUG BaseClass - Initializing ChromeDriver...
2025-11-26 23:32:06 [TestNG-test-OrangeHRM-Test-2] DEBUG BaseClass - Initializing ChromeDriver...
2025-11-26 23:32:06 [TestNG-test-OrangeHRM-Test-1] DEBUG BaseClass - Initializing ChromeDriver...
2025-11-26 23:32:09 [TestNG-test-OrangeHRM-Test-3] INFO  BaseClass - chrome browser launched successfully.
2025-11-26 23:32:09 [TestNG-test-OrangeHRM-Test-3] INFO  BaseClass - Configuring browser settings...
2025-11-26 23:32:09 [TestNG-test-OrangeHRM-Test-3] DEBUG BaseClass - Applying implicit wait: 10 seconds
2025-11-26 23:32:09 [TestNG-test-OrangeHRM-Test-1] INFO  BaseClass - chrome browser launched successfully.
2025-11-26 23:32:09 [TestNG-test-OrangeHRM-Test-4] INFO  BaseClass - chrome browser launched successfully.
2025-11-26 23:32:09 [TestNG-test-OrangeHRM-Test-1] INFO  BaseClass - Configuring browser settings...
2025-11-26 23:32:09 [TestNG-test-OrangeHRM-Test-1] DEBUG BaseClass - Applying implicit wait: 10 seconds
2025-11-26 23:32:09 [TestNG-test-OrangeHRM-Test-4] INFO  BaseClass - Configuring browser settings...
2025-11-26 23:32:09 [TestNG-test-OrangeHRM-Test-4] DEBUG BaseClass - Applying implicit wait: 10 seconds
2025-11-26 23:32:09 [TestNG-test-OrangeHRM-Test-3] DEBUG BaseClass - Maximizing browser window...
2025-11-26 23:32:09 [TestNG-test-OrangeHRM-Test-4] DEBUG BaseClass - Maximizing browser window...
2025-11-26 23:32:09 [TestNG-test-OrangeHRM-Test-2] INFO  BaseClass - chrome browser launched successfully.
2025-11-26 23:32:09 [TestNG-test-OrangeHRM-Test-2] INFO  BaseClass - Configuring browser settings...
2025-11-26 23:32:09 [TestNG-test-OrangeHRM-Test-2] DEBUG BaseClass - Applying implicit wait: 10 seconds
2025-11-26 23:32:09 [TestNG-test-OrangeHRM-Test-1] DEBUG BaseClass - Maximizing browser window...
2025-11-26 23:32:09 [TestNG-test-OrangeHRM-Test-2] DEBUG BaseClass - Maximizing browser window...
2025-11-26 23:32:09 [TestNG-test-OrangeHRM-Test-4] INFO  BaseClass - Navigating to URL: https://opensource-demo.orangehrmlive.com/web/index.php/auth/login
2025-11-26 23:32:09 [TestNG-test-OrangeHRM-Test-3] INFO  BaseClass - Navigating to URL: https://opensource-demo.orangehrmlive.com/web/index.php/auth/login
2025-11-26 23:32:09 [TestNG-test-OrangeHRM-Test-2] INFO  BaseClass - Navigating to URL: https://opensource-demo.orangehrmlive.com/web/index.php/auth/login
2025-11-26 23:32:09 [TestNG-test-OrangeHRM-Test-1] INFO  BaseClass - Navigating to URL: https://opensource-demo.orangehrmlive.com/web/index.php/auth/login
2025-11-26 23:32:12 [TestNG-test-OrangeHRM-Test-4] DEBUG BaseClass - Static wait for 2 seconds before proceeding...
2025-11-26 23:32:12 [TestNG-test-OrangeHRM-Test-4] DEBUG BaseClass - Static wait for 2 seconds.
2025-11-26 23:32:12 [TestNG-test-OrangeHRM-Test-1] DEBUG BaseClass - Static wait for 2 seconds before proceeding...
2025-11-26 23:32:12 [TestNG-test-OrangeHRM-Test-1] DEBUG BaseClass - Static wait for 2 seconds.
2025-11-26 23:32:12 [TestNG-test-OrangeHRM-Test-2] DEBUG BaseClass - Static wait for 2 seconds before proceeding...
2025-11-26 23:32:12 [TestNG-test-OrangeHRM-Test-2] DEBUG BaseClass - Static wait for 2 seconds.
2025-11-26 23:32:13 [TestNG-test-OrangeHRM-Test-3] DEBUG BaseClass - Static wait for 2 seconds before proceeding...
2025-11-26 23:32:13 [TestNG-test-OrangeHRM-Test-3] DEBUG BaseClass - Static wait for 2 seconds.
2025-11-26 23:32:14 [TestNG-test-OrangeHRM-Test-4] INFO  BaseClass - WebDriver initialized and browser launched successfully.
2025-11-26 23:32:14 [TestNG-test-OrangeHRM-Test-4] DEBUG BaseClass - Creating new ActionDriver instance...
2025-11-26 23:32:14 [TestNG-test-OrangeHRM-Test-4] DEBUG BaseClass - Fetching Properties object.
2025-11-26 23:32:14 [TestNG-test-OrangeHRM-Test-4] INFO  ActionDriver - ActionDriver initialized with explicit wait: 30 seconds
2025-11-26 23:32:14 [TestNG-test-OrangeHRM-Test-4] INFO  BaseClass - ActionDriver instance created.39
2025-11-26 23:32:14 [TestNG-test-OrangeHRM-Test-1] INFO  BaseClass - WebDriver initialized and browser launched successfully.
2025-11-26 23:32:14 [TestNG-test-OrangeHRM-Test-4] DEBUG BaseClass - Returning WebDriver instance.
2025-11-26 23:32:14 [TestNG-test-OrangeHRM-Test-4] DEBUG BaseClass - Returning ActionDriver instance.
2025-11-26 23:32:14 [TestNG-test-OrangeHRM-Test-4] DEBUG BaseClass - Returning WebDriver instance.
2025-11-26 23:32:14 [TestNG-test-OrangeHRM-Test-4] DEBUG BaseClass - Returning ActionDriver instance.
2025-11-26 23:32:14 [TestNG-test-OrangeHRM-Test-4] INFO  ActionDriver - Entering text 'admin' into element: By.name: username
2025-11-26 23:32:14 [TestNG-test-OrangeHRM-Test-4] DEBUG ActionDriver - Waiting for element to be visible: By.name: username
2025-11-26 23:32:14 [TestNG-test-OrangeHRM-Test-1] INFO  BaseClass - Test execution completed. Starting teardown...
2025-11-26 23:32:14 [TestNG-test-OrangeHRM-Test-1] DEBUG BaseClass - Closing browser...
2025-11-26 23:32:14 [TestNG-test-OrangeHRM-Test-2] INFO  BaseClass - WebDriver initialized and browser launched successfully.
2025-11-26 23:32:14 [TestNG-test-OrangeHRM-Test-2] INFO  BaseClass - Test execution completed. Starting teardown...
2025-11-26 23:32:14 [TestNG-test-OrangeHRM-Test-2] DEBUG BaseClass - Closing browser...
2025-11-26 23:32:15 [TestNG-test-OrangeHRM-Test-4] DEBUG ActionDriver - Text entered successfully into: By.name: username
2025-11-26 23:32:15 [TestNG-test-OrangeHRM-Test-4] INFO  ActionDriver - Entering text 'admin123' into element: By.cssSelector: input[type='password']
2025-11-26 23:32:15 [TestNG-test-OrangeHRM-Test-4] DEBUG ActionDriver - Waiting for element to be visible: By.cssSelector: input[type='password']
2025-11-26 23:32:15 [TestNG-test-OrangeHRM-Test-2] INFO  BaseClass - Browser closed successfully.
2025-11-26 23:32:15 [TestNG-test-OrangeHRM-Test-1] INFO  BaseClass - Browser closed successfully.
2025-11-26 23:32:15 [TestNG-test-OrangeHRM-Test-1] INFO  BaseClass - Driver and ActionDriver instances reset to null.
2025-11-26 23:32:15 [TestNG-test-OrangeHRM-Test-2] INFO  BaseClass - Driver and ActionDriver instances reset to null.
2025-11-26 23:32:15 [TestNG-test-OrangeHRM-Test-4] DEBUG ActionDriver - Text entered successfully into: By.cssSelector: input[type='password']
2025-11-26 23:32:15 [TestNG-test-OrangeHRM-Test-4] INFO  ActionDriver - Clicking element: Element classname: oxd-button oxd-button--medium oxd-button--main orangehrm-login-button
2025-11-26 23:32:15 [TestNG-test-OrangeHRM-Test-4] DEBUG ActionDriver - Waiting for element to be clickable: By.xpath: //button[text()=' Login ']
2025-11-26 23:32:15 [TestNG-test-OrangeHRM-Test-3] INFO  BaseClass - WebDriver initialized and browser launched successfully.
2025-11-26 23:32:15 [TestNG-test-OrangeHRM-Test-3] DEBUG BaseClass - Creating new ActionDriver instance...
2025-11-26 23:32:15 [TestNG-test-OrangeHRM-Test-3] DEBUG BaseClass - Fetching Properties object.
2025-11-26 23:32:15 [TestNG-test-OrangeHRM-Test-3] INFO  ActionDriver - ActionDriver initialized with explicit wait: 30 seconds
2025-11-26 23:32:15 [TestNG-test-OrangeHRM-Test-3] INFO  BaseClass - ActionDriver instance created.38
2025-11-26 23:32:15 [TestNG-test-OrangeHRM-Test-3] DEBUG BaseClass - Returning WebDriver instance.
2025-11-26 23:32:15 [TestNG-test-OrangeHRM-Test-3] DEBUG BaseClass - Returning ActionDriver instance.
2025-11-26 23:32:15 [TestNG-test-OrangeHRM-Test-3] DEBUG BaseClass - Returning WebDriver instance.
2025-11-26 23:32:15 [TestNG-test-OrangeHRM-Test-3] DEBUG BaseClass - Returning ActionDriver instance.
2025-11-26 23:32:15 [TestNG-test-OrangeHRM-Test-3] INFO  ActionDriver - Entering text 'admin' into element: By.name: username
2025-11-26 23:32:15 [TestNG-test-OrangeHRM-Test-3] DEBUG ActionDriver - Waiting for element to be visible: By.name: username
2025-11-26 23:32:15 [TestNG-test-OrangeHRM-Test-3] DEBUG ActionDriver - Text entered successfully into: By.name: username
2025-11-26 23:32:15 [TestNG-test-OrangeHRM-Test-3] INFO  ActionDriver - Entering text 'admin13' into element: By.cssSelector: input[type='password']
2025-11-26 23:32:15 [TestNG-test-OrangeHRM-Test-3] DEBUG ActionDriver - Waiting for element to be visible: By.cssSelector: input[type='password']
2025-11-26 23:32:15 [TestNG-test-OrangeHRM-Test-3] DEBUG ActionDriver - Text entered successfully into: By.cssSelector: input[type='password']
2025-11-26 23:32:15 [TestNG-test-OrangeHRM-Test-3] INFO  ActionDriver - Clicking element: Element classname: oxd-button oxd-button--medium oxd-button--main orangehrm-login-button
2025-11-26 23:32:15 [TestNG-test-OrangeHRM-Test-3] DEBUG ActionDriver - Waiting for element to be clickable: By.xpath: //button[text()=' Login ']
2025-11-26 23:32:15 [TestNG-test-OrangeHRM-Test-3] DEBUG ActionDriver - Click action completed for: By.xpath: //button[text()=' Login ']
2025-11-26 23:32:15 [TestNG-test-OrangeHRM-Test-3] INFO  ActionDriver - Comparing text for element: By.xpath: //p[text()='Invalid credentials']
2025-11-26 23:32:15 [TestNG-test-OrangeHRM-Test-3] DEBUG ActionDriver - Waiting for element to be visible: By.xpath: //p[text()='Invalid credentials']
2025-11-26 23:32:16 [TestNG-test-OrangeHRM-Test-4] DEBUG ActionDriver - Click action completed for: By.xpath: //button[text()=' Login ']
2025-11-26 23:32:16 [TestNG-test-OrangeHRM-Test-4] INFO  ActionDriver - Checking visibility of element: By.xpath: //div[@class='oxd-brand-banner']//img
2025-11-26 23:32:16 [TestNG-test-OrangeHRM-Test-4] DEBUG ActionDriver - Waiting for element to be visible: By.xpath: //div[@class='oxd-brand-banner']//img
2025-11-26 23:32:17 [TestNG-test-OrangeHRM-Test-4] INFO  ActionDriver - Element is displayed: By.xpath: //div[@class='oxd-brand-banner']//img
2025-11-26 23:32:17 [TestNG-test-OrangeHRM-Test-4] INFO  BaseClass - Test execution completed. Starting teardown...
2025-11-26 23:32:17 [TestNG-test-OrangeHRM-Test-4] DEBUG BaseClass - Closing browser...
2025-11-26 23:32:17 [TestNG-test-OrangeHRM-Test-4] INFO  BaseClass - Browser closed successfully.
2025-11-26 23:32:17 [TestNG-test-OrangeHRM-Test-4] INFO  BaseClass - Driver and ActionDriver instances reset to null.
2025-11-26 23:32:17 [TestNG-test-OrangeHRM-Test-3] INFO  ActionDriver - Expected text matches actual text: 'Invalid credentials'
2025-11-26 23:32:17 [TestNG-test-OrangeHRM-Test-3] INFO  BaseClass - Test execution completed. Starting teardown...
2025-11-26 23:32:17 [TestNG-test-OrangeHRM-Test-3] DEBUG BaseClass - Closing browser...
2025-11-26 23:32:17 [TestNG-test-OrangeHRM-Test-3] INFO  BaseClass - Browser closed successfully.
2025-11-26 23:32:17 [TestNG-test-OrangeHRM-Test-3] INFO  BaseClass - Driver and ActionDriver instances reset to null.
2025-11-26 23:32:17 [TestNG-test-OrangeHRM-Test-3] INFO  BaseClass - Test Setup started...
2025-11-26 23:32:17 [TestNG-test-OrangeHRM-Test-3] INFO  BaseClass - Launching browser: chrome
2025-11-26 23:32:17 [TestNG-test-OrangeHRM-Test-3] DEBUG BaseClass - Initializing ChromeDriver...
2025-11-26 23:32:18 [TestNG-test-OrangeHRM-Test-3] INFO  BaseClass - chrome browser launched successfully.
2025-11-26 23:32:18 [TestNG-test-OrangeHRM-Test-3] INFO  BaseClass - Configuring browser settings...
2025-11-26 23:32:18 [TestNG-test-OrangeHRM-Test-3] DEBUG BaseClass - Applying implicit wait: 10 seconds
2025-11-26 23:32:18 [TestNG-test-OrangeHRM-Test-3] DEBUG BaseClass - Maximizing browser window...
2025-11-26 23:32:18 [TestNG-test-OrangeHRM-Test-3] INFO  BaseClass - Navigating to URL: https://opensource-demo.orangehrmlive.com/web/index.php/auth/login
2025-11-26 23:32:21 [TestNG-test-OrangeHRM-Test-3] DEBUG BaseClass - Static wait for 2 seconds before proceeding...
2025-11-26 23:32:21 [TestNG-test-OrangeHRM-Test-3] DEBUG BaseClass - Static wait for 2 seconds.
2025-11-26 23:32:23 [TestNG-test-OrangeHRM-Test-3] INFO  BaseClass - WebDriver initialized and browser launched successfully.
2025-11-26 23:32:23 [TestNG-test-OrangeHRM-Test-3] DEBUG BaseClass - Creating new ActionDriver instance...
2025-11-26 23:32:23 [TestNG-test-OrangeHRM-Test-3] DEBUG BaseClass - Fetching Properties object.
2025-11-26 23:32:23 [TestNG-test-OrangeHRM-Test-3] INFO  ActionDriver - ActionDriver initialized with explicit wait: 30 seconds
2025-11-26 23:32:23 [TestNG-test-OrangeHRM-Test-3] INFO  BaseClass - ActionDriver instance created.38
2025-11-26 23:32:23 [TestNG-test-OrangeHRM-Test-3] DEBUG BaseClass - Returning WebDriver instance.
2025-11-26 23:32:23 [TestNG-test-OrangeHRM-Test-3] DEBUG BaseClass - Returning ActionDriver instance.
2025-11-26 23:32:23 [TestNG-test-OrangeHRM-Test-3] DEBUG BaseClass - Returning WebDriver instance.
2025-11-26 23:32:23 [TestNG-test-OrangeHRM-Test-3] DEBUG BaseClass - Returning ActionDriver instance.
2025-11-26 23:32:23 [TestNG-test-OrangeHRM-Test-3] INFO  ActionDriver - Entering text 'admin' into element: By.name: username
2025-11-26 23:32:23 [TestNG-test-OrangeHRM-Test-3] DEBUG ActionDriver - Waiting for element to be visible: By.name: username
2025-11-26 23:32:23 [TestNG-test-OrangeHRM-Test-3] DEBUG ActionDriver - Text entered successfully into: By.name: username
2025-11-26 23:32:23 [TestNG-test-OrangeHRM-Test-3] INFO  ActionDriver - Entering text 'admin123' into element: By.cssSelector: input[type='password']
2025-11-26 23:32:23 [TestNG-test-OrangeHRM-Test-3] DEBUG ActionDriver - Waiting for element to be visible: By.cssSelector: input[type='password']
2025-11-26 23:32:23 [TestNG-test-OrangeHRM-Test-3] DEBUG ActionDriver - Text entered successfully into: By.cssSelector: input[type='password']
2025-11-26 23:32:23 [TestNG-test-OrangeHRM-Test-3] INFO  ActionDriver - Clicking element: Element classname: oxd-button oxd-button--medium oxd-button--main orangehrm-login-button
2025-11-26 23:32:23 [TestNG-test-OrangeHRM-Test-3] DEBUG ActionDriver - Waiting for element to be clickable: By.xpath: //button[text()=' Login ']
2025-11-26 23:32:23 [TestNG-test-OrangeHRM-Test-3] DEBUG ActionDriver - Click action completed for: By.xpath: //button[text()=' Login ']
2025-11-26 23:32:23 [TestNG-test-OrangeHRM-Test-3] INFO  ActionDriver - Checking visibility of element: By.xpath: //span[text()='Admin']
2025-11-26 23:32:23 [TestNG-test-OrangeHRM-Test-3] DEBUG ActionDriver - Waiting for element to be visible: By.xpath: //span[text()='Admin']
2025-11-26 23:32:25 [TestNG-test-OrangeHRM-Test-3] INFO  ActionDriver - Element is displayed: By.xpath: //span[text()='Admin']
2025-11-26 23:32:25 [TestNG-test-OrangeHRM-Test-3] INFO  ActionDriver - Clicking element: Element classname: oxd-userdropdown-name
2025-11-26 23:32:25 [TestNG-test-OrangeHRM-Test-3] DEBUG ActionDriver - Waiting for element to be clickable: By.className: oxd-userdropdown-name
2025-11-26 23:32:25 [TestNG-test-OrangeHRM-Test-3] DEBUG ActionDriver - Click action completed for: By.className: oxd-userdropdown-name
2025-11-26 23:32:25 [TestNG-test-OrangeHRM-Test-3] INFO  ActionDriver - Clicking element: Element classname: oxd-userdropdown-link
2025-11-26 23:32:25 [TestNG-test-OrangeHRM-Test-3] DEBUG ActionDriver - Waiting for element to be clickable: By.xpath: //a[text()='Logout']
2025-11-26 23:32:27 [TestNG-test-OrangeHRM-Test-3] DEBUG ActionDriver - Click action completed for: By.xpath: //a[text()='Logout']
2025-11-26 23:32:27 [TestNG-test-OrangeHRM-Test-3] DEBUG BaseClass - Static wait for 2 seconds.
2025-11-26 23:32:29 [TestNG-test-OrangeHRM-Test-3] INFO  BaseClass - Test execution completed. Starting teardown...
2025-11-26 23:32:29 [TestNG-test-OrangeHRM-Test-3] DEBUG BaseClass - Closing browser...
2025-11-26 23:32:29 [TestNG-test-OrangeHRM-Test-3] INFO  BaseClass - Browser closed successfully.
2025-11-26 23:32:29 [TestNG-test-OrangeHRM-Test-3] INFO  BaseClass - Driver and ActionDriver instances reset to null.
2025-11-26 23:58:28 [main] INFO  BaseClass - Initializing Properties file loading...
2025-11-26 23:58:28 [main] INFO  BaseClass - Properties file loaded successfully.
2025-11-26 23:58:28 [TestNG-test-OrangeHRM-Test-2] INFO  BaseClass - Test Setup started...
2025-11-26 23:58:28 [TestNG-test-OrangeHRM-Test-3] INFO  BaseClass - Test Setup started...
2025-11-26 23:58:28 [TestNG-test-OrangeHRM-Test-4] INFO  BaseClass - Test Setup started...
2025-11-26 23:58:28 [TestNG-test-OrangeHRM-Test-1] INFO  BaseClass - Test Setup started...
2025-11-26 23:58:28 [TestNG-test-OrangeHRM-Test-3] INFO  BaseClass - Launching browser: chrome
2025-11-26 23:58:28 [TestNG-test-OrangeHRM-Test-2] INFO  BaseClass - Launching browser: chrome
2025-11-26 23:58:28 [TestNG-test-OrangeHRM-Test-1] INFO  BaseClass - Launching browser: chrome
2025-11-26 23:58:28 [TestNG-test-OrangeHRM-Test-4] INFO  BaseClass - Launching browser: chrome
2025-11-26 23:58:28 [TestNG-test-OrangeHRM-Test-2] DEBUG BaseClass - Initializing ChromeDriver...
2025-11-26 23:58:28 [TestNG-test-OrangeHRM-Test-3] DEBUG BaseClass - Initializing ChromeDriver...
2025-11-26 23:58:28 [TestNG-test-OrangeHRM-Test-1] DEBUG BaseClass - Initializing ChromeDriver...
2025-11-26 23:58:28 [TestNG-test-OrangeHRM-Test-4] DEBUG BaseClass - Initializing ChromeDriver...
2025-11-26 23:58:33 [TestNG-test-OrangeHRM-Test-4] INFO  BaseClass - chrome browser launched successfully.
2025-11-26 23:58:33 [TestNG-test-OrangeHRM-Test-4] INFO  BaseClass - Configuring browser settings...
2025-11-26 23:58:33 [TestNG-test-OrangeHRM-Test-4] DEBUG BaseClass - Applying implicit wait: 10 seconds
2025-11-26 23:58:33 [TestNG-test-OrangeHRM-Test-4] DEBUG BaseClass - Returning WebDriver instance.
2025-11-26 23:58:33 [TestNG-test-OrangeHRM-Test-1] INFO  BaseClass - chrome browser launched successfully.
2025-11-26 23:58:33 [TestNG-test-OrangeHRM-Test-1] INFO  BaseClass - Configuring browser settings...
2025-11-26 23:58:33 [TestNG-test-OrangeHRM-Test-4] DEBUG BaseClass - Maximizing browser window...
2025-11-26 23:58:33 [TestNG-test-OrangeHRM-Test-1] DEBUG BaseClass - Applying implicit wait: 10 seconds
2025-11-26 23:58:33 [TestNG-test-OrangeHRM-Test-1] DEBUG BaseClass - Returning WebDriver instance.
2025-11-26 23:58:33 [TestNG-test-OrangeHRM-Test-4] DEBUG BaseClass - Returning WebDriver instance.
2025-11-26 23:58:33 [TestNG-test-OrangeHRM-Test-1] DEBUG BaseClass - Maximizing browser window...
2025-11-26 23:58:33 [TestNG-test-OrangeHRM-Test-1] DEBUG BaseClass - Returning WebDriver instance.
2025-11-26 23:58:34 [TestNG-test-OrangeHRM-Test-2] INFO  BaseClass - chrome browser launched successfully.
2025-11-26 23:58:34 [TestNG-test-OrangeHRM-Test-2] INFO  BaseClass - Configuring browser settings...
2025-11-26 23:58:34 [TestNG-test-OrangeHRM-Test-2] DEBUG BaseClass - Applying implicit wait: 10 seconds
2025-11-26 23:58:34 [TestNG-test-OrangeHRM-Test-2] DEBUG BaseClass - Returning WebDriver instance.
2025-11-26 23:58:34 [TestNG-test-OrangeHRM-Test-2] DEBUG BaseClass - Maximizing browser window...
2025-11-26 23:58:34 [TestNG-test-OrangeHRM-Test-2] DEBUG BaseClass - Returning WebDriver instance.
2025-11-26 23:58:34 [TestNG-test-OrangeHRM-Test-3] INFO  BaseClass - chrome browser launched successfully.
2025-11-26 23:58:34 [TestNG-test-OrangeHRM-Test-3] INFO  BaseClass - Configuring browser settings...
2025-11-26 23:58:34 [TestNG-test-OrangeHRM-Test-3] DEBUG BaseClass - Applying implicit wait: 10 seconds
2025-11-26 23:58:34 [TestNG-test-OrangeHRM-Test-3] DEBUG BaseClass - Returning WebDriver instance.
2025-11-26 23:58:34 [TestNG-test-OrangeHRM-Test-3] DEBUG BaseClass - Maximizing browser window...
2025-11-26 23:58:34 [TestNG-test-OrangeHRM-Test-3] DEBUG BaseClass - Returning WebDriver instance.
2025-11-26 23:58:34 [TestNG-test-OrangeHRM-Test-1] INFO  BaseClass - Navigating to URL: https://opensource-demo.orangehrmlive.com/web/index.php/auth/login
2025-11-26 23:58:34 [TestNG-test-OrangeHRM-Test-1] DEBUG BaseClass - Returning WebDriver instance.
2025-11-26 23:58:34 [TestNG-test-OrangeHRM-Test-2] INFO  BaseClass - Navigating to URL: https://opensource-demo.orangehrmlive.com/web/index.php/auth/login
2025-11-26 23:58:34 [TestNG-test-OrangeHRM-Test-2] DEBUG BaseClass - Returning WebDriver instance.
2025-11-26 23:58:34 [TestNG-test-OrangeHRM-Test-4] INFO  BaseClass - Navigating to URL: https://opensource-demo.orangehrmlive.com/web/index.php/auth/login
2025-11-26 23:58:34 [TestNG-test-OrangeHRM-Test-3] INFO  BaseClass - Navigating to URL: https://opensource-demo.orangehrmlive.com/web/index.php/auth/login
2025-11-26 23:58:34 [TestNG-test-OrangeHRM-Test-4] DEBUG BaseClass - Returning WebDriver instance.
2025-11-26 23:58:34 [TestNG-test-OrangeHRM-Test-3] DEBUG BaseClass - Returning WebDriver instance.
2025-11-26 23:58:38 [TestNG-test-OrangeHRM-Test-1] DEBUG BaseClass - Static wait for 2 seconds before proceeding...
2025-11-26 23:58:38 [TestNG-test-OrangeHRM-Test-1] DEBUG BaseClass - Static wait for 2 seconds.
2025-11-26 23:58:38 [TestNG-test-OrangeHRM-Test-2] DEBUG BaseClass - Static wait for 2 seconds before proceeding...
2025-11-26 23:58:38 [TestNG-test-OrangeHRM-Test-2] DEBUG BaseClass - Static wait for 2 seconds.
2025-11-26 23:58:39 [TestNG-test-OrangeHRM-Test-3] DEBUG BaseClass - Static wait for 2 seconds before proceeding...
2025-11-26 23:58:39 [TestNG-test-OrangeHRM-Test-3] DEBUG BaseClass - Static wait for 2 seconds.
2025-11-26 23:58:39 [TestNG-test-OrangeHRM-Test-4] DEBUG BaseClass - Static wait for 2 seconds before proceeding...
2025-11-26 23:58:39 [TestNG-test-OrangeHRM-Test-4] DEBUG BaseClass - Static wait for 2 seconds.
2025-11-26 23:58:40 [TestNG-test-OrangeHRM-Test-1] INFO  BaseClass - WebDriver initialized and browser launched successfully.
2025-11-26 23:58:40 [TestNG-test-OrangeHRM-Test-1] DEBUG BaseClass - Returning WebDriver instance.
2025-11-26 23:58:40 [TestNG-test-OrangeHRM-Test-1] DEBUG BaseClass - Fetching Properties object.
2025-11-26 23:58:40 [TestNG-test-OrangeHRM-Test-1] INFO  ActionDriver - ActionDriver initialized with explicit wait: 30 seconds
2025-11-26 23:58:40 [TestNG-test-OrangeHRM-Test-1] INFO  BaseClass - Action Driver initialized for thread :36
2025-11-26 23:58:40 [TestNG-test-OrangeHRM-Test-1] DEBUG BaseClass - Returning WebDriver instance.
2025-11-26 23:58:40 [TestNG-test-OrangeHRM-Test-1] INFO  BaseClass - Test execution completed. Starting teardown...
2025-11-26 23:58:40 [TestNG-test-OrangeHRM-Test-1] DEBUG BaseClass - Returning WebDriver instance.
2025-11-26 23:58:40 [TestNG-test-OrangeHRM-Test-1] DEBUG BaseClass - Closing browser...
2025-11-26 23:58:40 [TestNG-test-OrangeHRM-Test-1] DEBUG BaseClass - Returning WebDriver instance.
2025-11-26 23:58:40 [TestNG-test-OrangeHRM-Test-1] INFO  BaseClass - Browser closed successfully.
2025-11-26 23:58:40 [TestNG-test-OrangeHRM-Test-1] INFO  BaseClass - Driver and ActionDriver instances reset to null.
2025-11-26 23:58:40 [TestNG-test-OrangeHRM-Test-2] INFO  BaseClass - WebDriver initialized and browser launched successfully.
2025-11-26 23:58:40 [TestNG-test-OrangeHRM-Test-2] DEBUG BaseClass - Returning WebDriver instance.
2025-11-26 23:58:40 [TestNG-test-OrangeHRM-Test-2] DEBUG BaseClass - Fetching Properties object.
2025-11-26 23:58:40 [TestNG-test-OrangeHRM-Test-2] INFO  ActionDriver - ActionDriver initialized with explicit wait: 30 seconds
2025-11-26 23:58:40 [TestNG-test-OrangeHRM-Test-2] INFO  BaseClass - Action Driver initialized for thread :37
2025-11-26 23:58:40 [TestNG-test-OrangeHRM-Test-2] DEBUG BaseClass - Returning WebDriver instance.
2025-11-26 23:58:40 [TestNG-test-OrangeHRM-Test-2] INFO  BaseClass - Test execution completed. Starting teardown...
2025-11-26 23:58:40 [TestNG-test-OrangeHRM-Test-2] DEBUG BaseClass - Returning WebDriver instance.
2025-11-26 23:58:40 [TestNG-test-OrangeHRM-Test-2] DEBUG BaseClass - Closing browser...
2025-11-26 23:58:40 [TestNG-test-OrangeHRM-Test-2] DEBUG BaseClass - Returning WebDriver instance.
2025-11-26 23:58:41 [TestNG-test-OrangeHRM-Test-2] INFO  BaseClass - Browser closed successfully.
2025-11-26 23:58:41 [TestNG-test-OrangeHRM-Test-2] INFO  BaseClass - Driver and ActionDriver instances reset to null.
2025-11-26 23:58:41 [TestNG-test-OrangeHRM-Test-3] INFO  BaseClass - WebDriver initialized and browser launched successfully.
2025-11-26 23:58:41 [TestNG-test-OrangeHRM-Test-3] DEBUG BaseClass - Returning WebDriver instance.
2025-11-26 23:58:41 [TestNG-test-OrangeHRM-Test-3] DEBUG BaseClass - Fetching Properties object.
2025-11-26 23:58:41 [TestNG-test-OrangeHRM-Test-3] INFO  ActionDriver - ActionDriver initialized with explicit wait: 30 seconds
2025-11-26 23:58:41 [TestNG-test-OrangeHRM-Test-3] INFO  BaseClass - Action Driver initialized for thread :38
2025-11-26 23:58:41 [TestNG-test-OrangeHRM-Test-3] DEBUG BaseClass - Returning WebDriver instance.
2025-11-26 23:58:41 [TestNG-test-OrangeHRM-Test-3] DEBUG BaseClass - Returning ActionDriver instance.
2025-11-26 23:58:41 [TestNG-test-OrangeHRM-Test-3] DEBUG BaseClass - Returning WebDriver instance.
2025-11-26 23:58:41 [TestNG-test-OrangeHRM-Test-3] DEBUG BaseClass - Returning ActionDriver instance.
2025-11-26 23:58:41 [TestNG-test-OrangeHRM-Test-3] INFO  ActionDriver - Entering text 'admin' into element: By.name: username
2025-11-26 23:58:41 [TestNG-test-OrangeHRM-Test-3] DEBUG ActionDriver - Waiting for element to be visible: By.name: username
2025-11-26 23:58:41 [TestNG-test-OrangeHRM-Test-4] INFO  BaseClass - WebDriver initialized and browser launched successfully.
2025-11-26 23:58:41 [TestNG-test-OrangeHRM-Test-4] DEBUG BaseClass - Returning WebDriver instance.
2025-11-26 23:58:41 [TestNG-test-OrangeHRM-Test-4] DEBUG BaseClass - Fetching Properties object.
2025-11-26 23:58:41 [TestNG-test-OrangeHRM-Test-4] INFO  ActionDriver - ActionDriver initialized with explicit wait: 30 seconds
2025-11-26 23:58:41 [TestNG-test-OrangeHRM-Test-4] INFO  BaseClass - Action Driver initialized for thread :39
2025-11-26 23:58:41 [TestNG-test-OrangeHRM-Test-4] DEBUG BaseClass - Returning WebDriver instance.
2025-11-26 23:58:41 [TestNG-test-OrangeHRM-Test-4] DEBUG BaseClass - Returning ActionDriver instance.
2025-11-26 23:58:41 [TestNG-test-OrangeHRM-Test-4] DEBUG BaseClass - Returning WebDriver instance.
2025-11-26 23:58:41 [TestNG-test-OrangeHRM-Test-4] DEBUG BaseClass - Returning ActionDriver instance.
2025-11-26 23:58:41 [TestNG-test-OrangeHRM-Test-4] INFO  ActionDriver - Entering text 'admin' into element: By.name: username
2025-11-26 23:58:41 [TestNG-test-OrangeHRM-Test-4] DEBUG ActionDriver - Waiting for element to be visible: By.name: username
2025-11-26 23:58:42 [TestNG-test-OrangeHRM-Test-4] DEBUG ActionDriver - Text entered successfully into: By.name: username
2025-11-26 23:58:42 [TestNG-test-OrangeHRM-Test-4] INFO  ActionDriver - Entering text 'admin123' into element: By.cssSelector: input[type='password']
2025-11-26 23:58:42 [TestNG-test-OrangeHRM-Test-4] DEBUG ActionDriver - Waiting for element to be visible: By.cssSelector: input[type='password']
2025-11-26 23:58:42 [TestNG-test-OrangeHRM-Test-3] DEBUG ActionDriver - Text entered successfully into: By.name: username
2025-11-26 23:58:42 [TestNG-test-OrangeHRM-Test-3] INFO  ActionDriver - Entering text 'admin13' into element: By.cssSelector: input[type='password']
2025-11-26 23:58:42 [TestNG-test-OrangeHRM-Test-3] DEBUG ActionDriver - Waiting for element to be visible: By.cssSelector: input[type='password']
2025-11-26 23:58:42 [TestNG-test-OrangeHRM-Test-4] DEBUG ActionDriver - Text entered successfully into: By.cssSelector: input[type='password']
2025-11-26 23:58:42 [TestNG-test-OrangeHRM-Test-3] DEBUG ActionDriver - Text entered successfully into: By.cssSelector: input[type='password']
2025-11-26 23:58:42 [TestNG-test-OrangeHRM-Test-3] INFO  ActionDriver - Clicking element: Element classname: oxd-button oxd-button--medium oxd-button--main orangehrm-login-button
2025-11-26 23:58:42 [TestNG-test-OrangeHRM-Test-4] INFO  ActionDriver - Clicking element: Element classname: oxd-button oxd-button--medium oxd-button--main orangehrm-login-button
2025-11-26 23:58:42 [TestNG-test-OrangeHRM-Test-3] DEBUG ActionDriver - Waiting for element to be clickable: By.xpath: //button[text()=' Login ']
2025-11-26 23:58:42 [TestNG-test-OrangeHRM-Test-4] DEBUG ActionDriver - Waiting for element to be clickable: By.xpath: //button[text()=' Login ']
2025-11-26 23:58:42 [TestNG-test-OrangeHRM-Test-4] DEBUG ActionDriver - Click action completed for: By.xpath: //button[text()=' Login ']
2025-11-26 23:58:42 [TestNG-test-OrangeHRM-Test-4] INFO  ActionDriver - Checking visibility of element: By.xpath: //div[@class='oxd-brand-banner']//img
2025-11-26 23:58:42 [TestNG-test-OrangeHRM-Test-4] DEBUG ActionDriver - Waiting for element to be visible: By.xpath: //div[@class='oxd-brand-banner']//img
2025-11-26 23:58:44 [TestNG-test-OrangeHRM-Test-3] DEBUG ActionDriver - Click action completed for: By.xpath: //button[text()=' Login ']
2025-11-26 23:58:44 [TestNG-test-OrangeHRM-Test-3] INFO  ActionDriver - Comparing text for element: By.xpath: //p[text()='Invalid credentials']
2025-11-26 23:58:44 [TestNG-test-OrangeHRM-Test-3] DEBUG ActionDriver - Waiting for element to be visible: By.xpath: //p[text()='Invalid credentials']
2025-11-26 23:58:45 [TestNG-test-OrangeHRM-Test-3] INFO  ActionDriver - Expected text matches actual text: 'Invalid credentials'
2025-11-26 23:58:45 [TestNG-test-OrangeHRM-Test-3] INFO  BaseClass - Test execution completed. Starting teardown...
2025-11-26 23:58:45 [TestNG-test-OrangeHRM-Test-3] DEBUG BaseClass - Returning WebDriver instance.
2025-11-26 23:58:45 [TestNG-test-OrangeHRM-Test-3] DEBUG BaseClass - Closing browser...
2025-11-26 23:58:45 [TestNG-test-OrangeHRM-Test-3] DEBUG BaseClass - Returning WebDriver instance.
2025-11-26 23:58:45 [TestNG-test-OrangeHRM-Test-4] INFO  ActionDriver - Element is displayed: By.xpath: //div[@class='oxd-brand-banner']//img
2025-11-26 23:58:45 [TestNG-test-OrangeHRM-Test-4] INFO  BaseClass - Test execution completed. Starting teardown...
2025-11-26 23:58:45 [TestNG-test-OrangeHRM-Test-4] DEBUG BaseClass - Returning WebDriver instance.
2025-11-26 23:58:45 [TestNG-test-OrangeHRM-Test-4] DEBUG BaseClass - Closing browser...
2025-11-26 23:58:45 [TestNG-test-OrangeHRM-Test-4] DEBUG BaseClass - Returning WebDriver instance.
2025-11-26 23:58:45 [TestNG-test-OrangeHRM-Test-3] INFO  BaseClass - Browser closed successfully.
2025-11-26 23:58:45 [TestNG-test-OrangeHRM-Test-3] INFO  BaseClass - Driver and ActionDriver instances reset to null.
2025-11-26 23:58:45 [TestNG-test-OrangeHRM-Test-3] INFO  BaseClass - Test Setup started...
2025-11-26 23:58:45 [TestNG-test-OrangeHRM-Test-3] INFO  BaseClass - Launching browser: chrome
2025-11-26 23:58:45 [TestNG-test-OrangeHRM-Test-3] DEBUG BaseClass - Initializing ChromeDriver...
2025-11-26 23:58:45 [TestNG-test-OrangeHRM-Test-4] INFO  BaseClass - Browser closed successfully.
2025-11-26 23:58:45 [TestNG-test-OrangeHRM-Test-4] INFO  BaseClass - Driver and ActionDriver instances reset to null.
2025-11-26 23:58:47 [TestNG-test-OrangeHRM-Test-3] INFO  BaseClass - chrome browser launched successfully.
2025-11-26 23:58:47 [TestNG-test-OrangeHRM-Test-3] INFO  BaseClass - Configuring browser settings...
2025-11-26 23:58:47 [TestNG-test-OrangeHRM-Test-3] DEBUG BaseClass - Applying implicit wait: 10 seconds
2025-11-26 23:58:47 [TestNG-test-OrangeHRM-Test-3] DEBUG BaseClass - Returning WebDriver instance.
2025-11-26 23:58:47 [TestNG-test-OrangeHRM-Test-3] DEBUG BaseClass - Maximizing browser window...
2025-11-26 23:58:47 [TestNG-test-OrangeHRM-Test-3] DEBUG BaseClass - Returning WebDriver instance.
2025-11-26 23:58:47 [TestNG-test-OrangeHRM-Test-3] INFO  BaseClass - Navigating to URL: https://opensource-demo.orangehrmlive.com/web/index.php/auth/login
2025-11-26 23:58:47 [TestNG-test-OrangeHRM-Test-3] DEBUG BaseClass - Returning WebDriver instance.
2025-11-26 23:58:50 [TestNG-test-OrangeHRM-Test-3] DEBUG BaseClass - Static wait for 2 seconds before proceeding...
2025-11-26 23:58:50 [TestNG-test-OrangeHRM-Test-3] DEBUG BaseClass - Static wait for 2 seconds.
2025-11-26 23:58:52 [TestNG-test-OrangeHRM-Test-3] INFO  BaseClass - WebDriver initialized and browser launched successfully.
2025-11-26 23:58:52 [TestNG-test-OrangeHRM-Test-3] DEBUG BaseClass - Returning WebDriver instance.
2025-11-26 23:58:52 [TestNG-test-OrangeHRM-Test-3] DEBUG BaseClass - Fetching Properties object.
2025-11-26 23:58:52 [TestNG-test-OrangeHRM-Test-3] INFO  ActionDriver - ActionDriver initialized with explicit wait: 30 seconds
2025-11-26 23:58:52 [TestNG-test-OrangeHRM-Test-3] INFO  BaseClass - Action Driver initialized for thread :38
2025-11-26 23:58:52 [TestNG-test-OrangeHRM-Test-3] DEBUG BaseClass - Returning WebDriver instance.
2025-11-26 23:58:52 [TestNG-test-OrangeHRM-Test-3] DEBUG BaseClass - Returning ActionDriver instance.
2025-11-26 23:58:52 [TestNG-test-OrangeHRM-Test-3] DEBUG BaseClass - Returning WebDriver instance.
2025-11-26 23:58:52 [TestNG-test-OrangeHRM-Test-3] DEBUG BaseClass - Returning ActionDriver instance.
2025-11-26 23:58:52 [TestNG-test-OrangeHRM-Test-3] INFO  ActionDriver - Entering text 'admin' into element: By.name: username
2025-11-26 23:58:52 [TestNG-test-OrangeHRM-Test-3] DEBUG ActionDriver - Waiting for element to be visible: By.name: username
2025-11-26 23:58:52 [TestNG-test-OrangeHRM-Test-3] DEBUG ActionDriver - Text entered successfully into: By.name: username
2025-11-26 23:58:52 [TestNG-test-OrangeHRM-Test-3] INFO  ActionDriver - Entering text 'admin123' into element: By.cssSelector: input[type='password']
2025-11-26 23:58:52 [TestNG-test-OrangeHRM-Test-3] DEBUG ActionDriver - Waiting for element to be visible: By.cssSelector: input[type='password']
2025-11-26 23:58:52 [TestNG-test-OrangeHRM-Test-3] DEBUG ActionDriver - Text entered successfully into: By.cssSelector: input[type='password']
2025-11-26 23:58:52 [TestNG-test-OrangeHRM-Test-3] INFO  ActionDriver - Clicking element: Element classname: oxd-button oxd-button--medium oxd-button--main orangehrm-login-button
2025-11-26 23:58:52 [TestNG-test-OrangeHRM-Test-3] DEBUG ActionDriver - Waiting for element to be clickable: By.xpath: //button[text()=' Login ']
2025-11-26 23:58:53 [TestNG-test-OrangeHRM-Test-3] DEBUG ActionDriver - Click action completed for: By.xpath: //button[text()=' Login ']
2025-11-26 23:58:53 [TestNG-test-OrangeHRM-Test-3] INFO  ActionDriver - Checking visibility of element: By.xpath: //span[text()='Admin']
2025-11-26 23:58:53 [TestNG-test-OrangeHRM-Test-3] DEBUG ActionDriver - Waiting for element to be visible: By.xpath: //span[text()='Admin']
2025-11-26 23:58:57 [TestNG-test-OrangeHRM-Test-3] INFO  ActionDriver - Element is displayed: By.xpath: //span[text()='Admin']
2025-11-26 23:58:57 [TestNG-test-OrangeHRM-Test-3] INFO  ActionDriver - Clicking element: Element classname: oxd-userdropdown-name
2025-11-26 23:58:57 [TestNG-test-OrangeHRM-Test-3] DEBUG ActionDriver - Waiting for element to be clickable: By.className: oxd-userdropdown-name
2025-11-26 23:58:57 [TestNG-test-OrangeHRM-Test-3] DEBUG ActionDriver - Click action completed for: By.className: oxd-userdropdown-name
2025-11-26 23:58:57 [TestNG-test-OrangeHRM-Test-3] INFO  ActionDriver - Clicking element: Element classname: oxd-userdropdown-link
2025-11-26 23:58:57 [TestNG-test-OrangeHRM-Test-3] DEBUG ActionDriver - Waiting for element to be clickable: By.xpath: //a[text()='Logout']
2025-11-26 23:59:01 [TestNG-test-OrangeHRM-Test-3] DEBUG ActionDriver - Click action completed for: By.xpath: //a[text()='Logout']
2025-11-26 23:59:01 [TestNG-test-OrangeHRM-Test-3] DEBUG BaseClass - Static wait for 2 seconds.
2025-11-26 23:59:03 [TestNG-test-OrangeHRM-Test-3] INFO  BaseClass - Test execution completed. Starting teardown...
2025-11-26 23:59:03 [TestNG-test-OrangeHRM-Test-3] DEBUG BaseClass - Returning WebDriver instance.
2025-11-26 23:59:03 [TestNG-test-OrangeHRM-Test-3] DEBUG BaseClass - Closing browser...
2025-11-26 23:59:03 [TestNG-test-OrangeHRM-Test-3] DEBUG BaseClass - Returning WebDriver instance.
2025-11-26 23:59:03 [TestNG-test-OrangeHRM-Test-3] INFO  BaseClass - Browser closed successfully.
2025-11-26 23:59:03 [TestNG-test-OrangeHRM-Test-3] INFO  BaseClass - Driver and ActionDriver instances reset to null.
2025-11-26 23:59:44 [main] INFO  BaseClass - Initializing Properties file loading...
2025-11-26 23:59:44 [main] INFO  BaseClass - Properties file loaded successfully.
2025-11-26 23:59:44 [main] INFO  BaseClass - Test Setup started...
2025-11-26 23:59:44 [main] INFO  BaseClass - Launching browser: chrome
2025-11-26 23:59:44 [main] DEBUG BaseClass - Initializing ChromeDriver...
2025-11-26 23:59:46 [main] INFO  BaseClass - chrome browser launched successfully.
2025-11-26 23:59:46 [main] INFO  BaseClass - Configuring browser settings...
2025-11-26 23:59:46 [main] DEBUG BaseClass - Applying implicit wait: 10 seconds
2025-11-26 23:59:46 [main] DEBUG BaseClass - Returning WebDriver instance.
2025-11-26 23:59:46 [main] DEBUG BaseClass - Maximizing browser window...
2025-11-26 23:59:46 [main] DEBUG BaseClass - Returning WebDriver instance.
2025-11-26 23:59:46 [main] INFO  BaseClass - Navigating to URL: https://opensource-demo.orangehrmlive.com/web/index.php/auth/login
2025-11-26 23:59:46 [main] DEBUG BaseClass - Returning WebDriver instance.
2025-11-26 23:59:49 [main] DEBUG BaseClass - Static wait for 2 seconds before proceeding...
2025-11-26 23:59:49 [main] DEBUG BaseClass - Static wait for 2 seconds.
2025-11-26 23:59:51 [main] INFO  BaseClass - WebDriver initialized and browser launched successfully.
2025-11-26 23:59:51 [main] DEBUG BaseClass - Returning WebDriver instance.
2025-11-26 23:59:51 [main] DEBUG BaseClass - Fetching Properties object.
2025-11-26 23:59:51 [main] INFO  ActionDriver - ActionDriver initialized with explicit wait: 30 seconds
2025-11-26 23:59:51 [main] INFO  BaseClass - Action Driver initialized for thread :1
2025-11-26 23:59:51 [main] DEBUG BaseClass - Returning WebDriver instance.
2025-11-26 23:59:51 [main] DEBUG BaseClass - Returning ActionDriver instance.
2025-11-26 23:59:51 [main] DEBUG BaseClass - Returning WebDriver instance.
2025-11-26 23:59:51 [main] DEBUG BaseClass - Returning ActionDriver instance.
2025-11-26 23:59:51 [main] INFO  ActionDriver - Entering text 'admin' into element: By.name: username
2025-11-26 23:59:51 [main] DEBUG ActionDriver - Waiting for element to be visible: By.name: username
2025-11-26 23:59:51 [main] DEBUG ActionDriver - Text entered successfully into: By.name: username
2025-11-26 23:59:51 [main] INFO  ActionDriver - Entering text 'admin13' into element: By.cssSelector: input[type='password']
2025-11-26 23:59:51 [main] DEBUG ActionDriver - Waiting for element to be visible: By.cssSelector: input[type='password']
2025-11-26 23:59:51 [main] DEBUG ActionDriver - Text entered successfully into: By.cssSelector: input[type='password']
2025-11-26 23:59:51 [main] INFO  ActionDriver - Clicking element: Element classname: oxd-button oxd-button--medium oxd-button--main orangehrm-login-button
2025-11-26 23:59:51 [main] DEBUG ActionDriver - Waiting for element to be clickable: By.xpath: //button[text()=' Login ']
2025-11-26 23:59:51 [main] DEBUG ActionDriver - Click action completed for: By.xpath: //button[text()=' Login ']
2025-11-26 23:59:51 [main] INFO  ActionDriver - Comparing text for element: By.xpath: //p[text()='Invalid credentials']
2025-11-26 23:59:51 [main] DEBUG ActionDriver - Waiting for element to be visible: By.xpath: //p[text()='Invalid credentials']
2025-11-26 23:59:53 [main] INFO  ActionDriver - Expected text matches actual text: 'Invalid credentials'
2025-11-26 23:59:53 [main] INFO  BaseClass - Test execution completed. Starting teardown...
2025-11-26 23:59:53 [main] DEBUG BaseClass - Returning WebDriver instance.
2025-11-26 23:59:53 [main] DEBUG BaseClass - Closing browser...
2025-11-26 23:59:53 [main] DEBUG BaseClass - Returning WebDriver instance.
2025-11-26 23:59:53 [main] INFO  BaseClass - Browser closed successfully.
2025-11-26 23:59:53 [main] INFO  BaseClass - Driver and ActionDriver instances reset to null.
2025-11-27 00:00:19 [main] INFO  BaseClass - Initializing Properties file loading...
2025-11-27 00:00:19 [main] INFO  BaseClass - Properties file loaded successfully.
2025-11-27 00:00:19 [main] INFO  BaseClass - Test Setup started...
2025-11-27 00:00:19 [main] INFO  BaseClass - Launching browser: chrome
2025-11-27 00:00:19 [main] DEBUG BaseClass - Initializing ChromeDriver...
2025-11-27 00:00:20 [main] INFO  BaseClass - chrome browser launched successfully.
2025-11-27 00:00:20 [main] INFO  BaseClass - Configuring browser settings...
2025-11-27 00:00:20 [main] DEBUG BaseClass - Applying implicit wait: 10 seconds
2025-11-27 00:00:20 [main] DEBUG BaseClass - Returning WebDriver instance.
2025-11-27 00:00:20 [main] DEBUG BaseClass - Maximizing browser window...
2025-11-27 00:00:20 [main] DEBUG BaseClass - Returning WebDriver instance.
2025-11-27 00:00:20 [main] INFO  BaseClass - Navigating to URL: https://opensource-demo.orangehrmlive.com/web/index.php/auth/login
2025-11-27 00:00:20 [main] DEBUG BaseClass - Returning WebDriver instance.
2025-11-27 00:00:24 [main] DEBUG BaseClass - Static wait for 2 seconds before proceeding...
2025-11-27 00:00:24 [main] DEBUG BaseClass - Static wait for 2 seconds.
2025-11-27 00:00:26 [main] INFO  BaseClass - WebDriver initialized and browser launched successfully.
2025-11-27 00:00:26 [main] DEBUG BaseClass - Returning WebDriver instance.
2025-11-27 00:00:26 [main] DEBUG BaseClass - Fetching Properties object.
2025-11-27 00:00:26 [main] INFO  ActionDriver - ActionDriver initialized with explicit wait: 30 seconds
2025-11-27 00:00:26 [main] INFO  BaseClass - Action Driver initialized for thread :1
2025-11-27 00:00:26 [main] DEBUG BaseClass - Returning WebDriver instance.
2025-11-27 00:00:26 [main] DEBUG BaseClass - Returning ActionDriver instance.
2025-11-27 00:00:26 [main] DEBUG BaseClass - Returning WebDriver instance.
2025-11-27 00:00:26 [main] DEBUG BaseClass - Returning ActionDriver instance.
2025-11-27 00:00:26 [main] INFO  ActionDriver - Entering text 'admin' into element: By.name: username
2025-11-27 00:00:26 [main] DEBUG ActionDriver - Waiting for element to be visible: By.name: username
2025-11-27 00:00:26 [main] DEBUG ActionDriver - Text entered successfully into: By.name: username
2025-11-27 00:00:26 [main] INFO  ActionDriver - Entering text 'admin123' into element: By.cssSelector: input[type='password']
2025-11-27 00:00:26 [main] DEBUG ActionDriver - Waiting for element to be visible: By.cssSelector: input[type='password']
2025-11-27 00:00:26 [main] DEBUG ActionDriver - Text entered successfully into: By.cssSelector: input[type='password']
2025-11-27 00:00:26 [main] INFO  ActionDriver - Clicking element: Element classname: oxd-button oxd-button--medium oxd-button--main orangehrm-login-button
2025-11-27 00:00:26 [main] DEBUG ActionDriver - Waiting for element to be clickable: By.xpath: //button[text()=' Login ']
2025-11-27 00:00:26 [main] DEBUG ActionDriver - Click action completed for: By.xpath: //button[text()=' Login ']
2025-11-27 00:00:26 [main] INFO  ActionDriver - Comparing text for element: By.xpath: //p[text()='Invalid credentials']
2025-11-27 00:00:26 [main] DEBUG ActionDriver - Waiting for element to be visible: By.xpath: //p[text()='Invalid credentials']
2025-11-27 00:01:15 [main] INFO  BaseClass - Initializing Properties file loading...
2025-11-27 00:01:15 [main] INFO  BaseClass - Properties file loaded successfully.
2025-11-27 00:01:15 [main] INFO  BaseClass - Test Setup started...
2025-11-27 00:01:15 [main] INFO  BaseClass - Launching browser: chrome
2025-11-27 00:01:15 [main] DEBUG BaseClass - Initializing ChromeDriver...
2025-11-27 00:01:16 [main] INFO  BaseClass - chrome browser launched successfully.
2025-11-27 00:01:16 [main] INFO  BaseClass - Configuring browser settings...
2025-11-27 00:01:16 [main] DEBUG BaseClass - Applying implicit wait: 10 seconds
2025-11-27 00:01:16 [main] DEBUG BaseClass - Returning WebDriver instance.
2025-11-27 00:01:16 [main] DEBUG BaseClass - Maximizing browser window...
2025-11-27 00:01:16 [main] DEBUG BaseClass - Returning WebDriver instance.
2025-11-27 00:01:16 [main] INFO  BaseClass - Navigating to URL: https://opensource-demo.orangehrmlive.com/web/index.php/auth/login
2025-11-27 00:01:16 [main] DEBUG BaseClass - Returning WebDriver instance.
2025-11-27 00:01:19 [main] DEBUG BaseClass - Static wait for 2 seconds before proceeding...
2025-11-27 00:01:19 [main] DEBUG BaseClass - Static wait for 2 seconds.
2025-11-27 00:01:21 [main] INFO  BaseClass - WebDriver initialized and browser launched successfully.
2025-11-27 00:01:21 [main] DEBUG BaseClass - Returning WebDriver instance.
2025-11-27 00:01:21 [main] DEBUG BaseClass - Fetching Properties object.
2025-11-27 00:01:21 [main] INFO  ActionDriver - ActionDriver initialized with explicit wait: 30 seconds
2025-11-27 00:01:21 [main] INFO  BaseClass - Action Driver initialized for thread :1
2025-11-27 00:01:21 [main] DEBUG BaseClass - Returning WebDriver instance.
2025-11-27 00:01:21 [main] DEBUG BaseClass - Returning ActionDriver instance.
2025-11-27 00:01:21 [main] DEBUG BaseClass - Returning WebDriver instance.
2025-11-27 00:01:21 [main] DEBUG BaseClass - Returning ActionDriver instance.
2025-11-27 00:01:21 [main] INFO  ActionDriver - Entering text 'admin' into element: By.name: username
2025-11-27 00:01:21 [main] DEBUG ActionDriver - Waiting for element to be visible: By.name: username
2025-11-27 00:01:22 [main] DEBUG ActionDriver - Text entered successfully into: By.name: username
2025-11-27 00:01:22 [main] INFO  ActionDriver - Entering text 'admin13' into element: By.cssSelector: input[type='password']
2025-11-27 00:01:22 [main] DEBUG ActionDriver - Waiting for element to be visible: By.cssSelector: input[type='password']
2025-11-27 00:01:22 [main] DEBUG ActionDriver - Text entered successfully into: By.cssSelector: input[type='password']
2025-11-27 00:01:22 [main] INFO  ActionDriver - Clicking element: Element classname: oxd-button oxd-button--medium oxd-button--main orangehrm-login-button
2025-11-27 00:01:22 [main] DEBUG ActionDriver - Waiting for element to be clickable: By.xpath: //button[text()=' Login ']
2025-11-27 00:01:22 [main] DEBUG ActionDriver - Click action completed for: By.xpath: //button[text()=' Login ']
2025-11-27 00:01:22 [main] INFO  ActionDriver - Comparing text for element: By.xpath: //p[text()='Invalid credentials']
2025-11-27 00:01:22 [main] DEBUG ActionDriver - Waiting for element to be visible: By.xpath: //p[text()='Invalid credentials']
2025-11-27 00:01:24 [main] INFO  ActionDriver - Expected text matches actual text: 'Invalid credentials'
2025-11-27 00:01:24 [main] INFO  BaseClass - Test execution completed. Starting teardown...
2025-11-27 00:01:24 [main] DEBUG BaseClass - Returning WebDriver instance.
2025-11-27 00:01:24 [main] DEBUG BaseClass - Closing browser...
2025-11-27 00:01:24 [main] DEBUG BaseClass - Returning WebDriver instance.
2025-11-27 00:01:24 [main] INFO  BaseClass - Browser closed successfully.
2025-11-27 00:01:24 [main] INFO  BaseClass - Driver and ActionDriver instances reset to null.
2025-11-27 00:01:31 [main] INFO  BaseClass - Initializing Properties file loading...
2025-11-27 00:01:31 [main] INFO  BaseClass - Properties file loaded successfully.
2025-11-27 00:01:31 [TestNG-test-OrangeHRM-Test-1] INFO  BaseClass - Test Setup started...
2025-11-27 00:01:31 [TestNG-test-OrangeHRM-Test-3] INFO  BaseClass - Test Setup started...
2025-11-27 00:01:31 [TestNG-test-OrangeHRM-Test-2] INFO  BaseClass - Test Setup started...
2025-11-27 00:01:31 [TestNG-test-OrangeHRM-Test-4] INFO  BaseClass - Test Setup started...
2025-11-27 00:01:31 [TestNG-test-OrangeHRM-Test-2] INFO  BaseClass - Launching browser: chrome
2025-11-27 00:01:31 [TestNG-test-OrangeHRM-Test-3] INFO  BaseClass - Launching browser: chrome
2025-11-27 00:01:31 [TestNG-test-OrangeHRM-Test-1] INFO  BaseClass - Launching browser: chrome
2025-11-27 00:01:31 [TestNG-test-OrangeHRM-Test-4] INFO  BaseClass - Launching browser: chrome
2025-11-27 00:01:31 [TestNG-test-OrangeHRM-Test-2] DEBUG BaseClass - Initializing ChromeDriver...
2025-11-27 00:01:31 [TestNG-test-OrangeHRM-Test-4] DEBUG BaseClass - Initializing ChromeDriver...
2025-11-27 00:01:31 [TestNG-test-OrangeHRM-Test-3] DEBUG BaseClass - Initializing ChromeDriver...
2025-11-27 00:01:31 [TestNG-test-OrangeHRM-Test-1] DEBUG BaseClass - Initializing ChromeDriver...
2025-11-27 00:01:34 [TestNG-test-OrangeHRM-Test-4] INFO  BaseClass - chrome browser launched successfully.
2025-11-27 00:01:34 [TestNG-test-OrangeHRM-Test-4] INFO  BaseClass - Configuring browser settings...
2025-11-27 00:01:34 [TestNG-test-OrangeHRM-Test-4] DEBUG BaseClass - Applying implicit wait: 10 seconds
2025-11-27 00:01:34 [TestNG-test-OrangeHRM-Test-4] DEBUG BaseClass - Returning WebDriver instance.
2025-11-27 00:01:34 [TestNG-test-OrangeHRM-Test-3] INFO  BaseClass - chrome browser launched successfully.
2025-11-27 00:01:34 [TestNG-test-OrangeHRM-Test-4] DEBUG BaseClass - Maximizing browser window...
2025-11-27 00:01:34 [TestNG-test-OrangeHRM-Test-4] DEBUG BaseClass - Returning WebDriver instance.
2025-11-27 00:01:34 [TestNG-test-OrangeHRM-Test-3] INFO  BaseClass - Configuring browser settings...
2025-11-27 00:01:34 [TestNG-test-OrangeHRM-Test-3] DEBUG BaseClass - Applying implicit wait: 10 seconds
2025-11-27 00:01:34 [TestNG-test-OrangeHRM-Test-2] INFO  BaseClass - chrome browser launched successfully.
2025-11-27 00:01:34 [TestNG-test-OrangeHRM-Test-3] DEBUG BaseClass - Returning WebDriver instance.
2025-11-27 00:01:34 [TestNG-test-OrangeHRM-Test-2] INFO  BaseClass - Configuring browser settings...
2025-11-27 00:01:34 [TestNG-test-OrangeHRM-Test-2] DEBUG BaseClass - Applying implicit wait: 10 seconds
2025-11-27 00:01:34 [TestNG-test-OrangeHRM-Test-2] DEBUG BaseClass - Returning WebDriver instance.
2025-11-27 00:01:34 [TestNG-test-OrangeHRM-Test-3] DEBUG BaseClass - Maximizing browser window...
2025-11-27 00:01:34 [TestNG-test-OrangeHRM-Test-2] DEBUG BaseClass - Maximizing browser window...
2025-11-27 00:01:34 [TestNG-test-OrangeHRM-Test-3] DEBUG BaseClass - Returning WebDriver instance.
2025-11-27 00:01:34 [TestNG-test-OrangeHRM-Test-2] DEBUG BaseClass - Returning WebDriver instance.
2025-11-27 00:01:34 [TestNG-test-OrangeHRM-Test-1] INFO  BaseClass - chrome browser launched successfully.
2025-11-27 00:01:34 [TestNG-test-OrangeHRM-Test-1] INFO  BaseClass - Configuring browser settings...
2025-11-27 00:01:34 [TestNG-test-OrangeHRM-Test-4] INFO  BaseClass - Navigating to URL: https://opensource-demo.orangehrmlive.com/web/index.php/auth/login
2025-11-27 00:01:34 [TestNG-test-OrangeHRM-Test-4] DEBUG BaseClass - Returning WebDriver instance.
2025-11-27 00:01:34 [TestNG-test-OrangeHRM-Test-1] DEBUG BaseClass - Applying implicit wait: 10 seconds
2025-11-27 00:01:34 [TestNG-test-OrangeHRM-Test-1] DEBUG BaseClass - Returning WebDriver instance.
2025-11-27 00:01:34 [TestNG-test-OrangeHRM-Test-1] DEBUG BaseClass - Maximizing browser window...
2025-11-27 00:01:34 [TestNG-test-OrangeHRM-Test-3] INFO  BaseClass - Navigating to URL: https://opensource-demo.orangehrmlive.com/web/index.php/auth/login
2025-11-27 00:01:34 [TestNG-test-OrangeHRM-Test-1] DEBUG BaseClass - Returning WebDriver instance.
2025-11-27 00:01:34 [TestNG-test-OrangeHRM-Test-3] DEBUG BaseClass - Returning WebDriver instance.
2025-11-27 00:01:34 [TestNG-test-OrangeHRM-Test-2] INFO  BaseClass - Navigating to URL: https://opensource-demo.orangehrmlive.com/web/index.php/auth/login
2025-11-27 00:01:34 [TestNG-test-OrangeHRM-Test-2] DEBUG BaseClass - Returning WebDriver instance.
2025-11-27 00:01:34 [TestNG-test-OrangeHRM-Test-1] INFO  BaseClass - Navigating to URL: https://opensource-demo.orangehrmlive.com/web/index.php/auth/login
2025-11-27 00:01:34 [TestNG-test-OrangeHRM-Test-1] DEBUG BaseClass - Returning WebDriver instance.
2025-11-27 00:01:35 [TestNG-test-OrangeHRM-Test-4] DEBUG BaseClass - Static wait for 2 seconds before proceeding...
2025-11-27 00:01:35 [TestNG-test-OrangeHRM-Test-4] DEBUG BaseClass - Static wait for 2 seconds.
2025-11-27 00:01:35 [TestNG-test-OrangeHRM-Test-3] DEBUG BaseClass - Static wait for 2 seconds before proceeding...
2025-11-27 00:01:35 [TestNG-test-OrangeHRM-Test-3] DEBUG BaseClass - Static wait for 2 seconds.
2025-11-27 00:01:37 [TestNG-test-OrangeHRM-Test-4] INFO  BaseClass - WebDriver initialized and browser launched successfully.
2025-11-27 00:01:37 [TestNG-test-OrangeHRM-Test-4] DEBUG BaseClass - Returning WebDriver instance.
2025-11-27 00:01:37 [TestNG-test-OrangeHRM-Test-4] DEBUG BaseClass - Fetching Properties object.
2025-11-27 00:01:37 [TestNG-test-OrangeHRM-Test-4] INFO  ActionDriver - ActionDriver initialized with explicit wait: 30 seconds
2025-11-27 00:01:37 [TestNG-test-OrangeHRM-Test-4] INFO  BaseClass - Action Driver initialized for thread :39
2025-11-27 00:01:37 [TestNG-test-OrangeHRM-Test-3] INFO  BaseClass - WebDriver initialized and browser launched successfully.
2025-11-27 00:01:37 [TestNG-test-OrangeHRM-Test-4] DEBUG BaseClass - Returning WebDriver instance.
2025-11-27 00:01:37 [TestNG-test-OrangeHRM-Test-3] DEBUG BaseClass - Returning WebDriver instance.
2025-11-27 00:01:37 [TestNG-test-OrangeHRM-Test-3] DEBUG BaseClass - Fetching Properties object.
2025-11-27 00:01:37 [TestNG-test-OrangeHRM-Test-4] DEBUG BaseClass - Returning ActionDriver instance.
2025-11-27 00:01:37 [TestNG-test-OrangeHRM-Test-3] INFO  ActionDriver - ActionDriver initialized with explicit wait: 30 seconds
2025-11-27 00:01:37 [TestNG-test-OrangeHRM-Test-3] INFO  BaseClass - Action Driver initialized for thread :38
2025-11-27 00:01:37 [TestNG-test-OrangeHRM-Test-4] DEBUG BaseClass - Returning WebDriver instance.
2025-11-27 00:01:37 [TestNG-test-OrangeHRM-Test-4] DEBUG BaseClass - Returning ActionDriver instance.
2025-11-27 00:01:37 [TestNG-test-OrangeHRM-Test-4] INFO  ActionDriver - Entering text 'admin' into element: By.name: username
2025-11-27 00:01:37 [TestNG-test-OrangeHRM-Test-3] DEBUG BaseClass - Returning WebDriver instance.
2025-11-27 00:01:37 [TestNG-test-OrangeHRM-Test-4] DEBUG ActionDriver - Waiting for element to be visible: By.name: username
2025-11-27 00:01:37 [TestNG-test-OrangeHRM-Test-3] DEBUG BaseClass - Returning ActionDriver instance.
2025-11-27 00:01:37 [TestNG-test-OrangeHRM-Test-3] DEBUG BaseClass - Returning WebDriver instance.
2025-11-27 00:01:37 [TestNG-test-OrangeHRM-Test-3] DEBUG BaseClass - Returning ActionDriver instance.
2025-11-27 00:01:37 [TestNG-test-OrangeHRM-Test-3] INFO  ActionDriver - Entering text 'admin' into element: By.name: username
2025-11-27 00:01:37 [TestNG-test-OrangeHRM-Test-3] DEBUG ActionDriver - Waiting for element to be visible: By.name: username
2025-11-27 00:01:38 [TestNG-test-OrangeHRM-Test-1] DEBUG BaseClass - Static wait for 2 seconds before proceeding...
2025-11-27 00:01:38 [TestNG-test-OrangeHRM-Test-1] DEBUG BaseClass - Static wait for 2 seconds.
2025-11-27 00:01:38 [TestNG-test-OrangeHRM-Test-2] DEBUG BaseClass - Static wait for 2 seconds before proceeding...
2025-11-27 00:01:38 [TestNG-test-OrangeHRM-Test-2] DEBUG BaseClass - Static wait for 2 seconds.
2025-11-27 00:01:38 [TestNG-test-OrangeHRM-Test-4] DEBUG ActionDriver - Text entered successfully into: By.name: username
2025-11-27 00:01:38 [TestNG-test-OrangeHRM-Test-4] INFO  ActionDriver - Entering text 'admin123' into element: By.cssSelector: input[type='password']
2025-11-27 00:01:38 [TestNG-test-OrangeHRM-Test-4] DEBUG ActionDriver - Waiting for element to be visible: By.cssSelector: input[type='password']
2025-11-27 00:01:38 [TestNG-test-OrangeHRM-Test-4] DEBUG ActionDriver - Text entered successfully into: By.cssSelector: input[type='password']
2025-11-27 00:01:39 [TestNG-test-OrangeHRM-Test-4] INFO  ActionDriver - Clicking element: Element classname: oxd-button oxd-button--medium oxd-button--main orangehrm-login-button
2025-11-27 00:01:39 [TestNG-test-OrangeHRM-Test-4] DEBUG ActionDriver - Waiting for element to be clickable: By.xpath: //button[text()=' Login ']
2025-11-27 00:01:39 [TestNG-test-OrangeHRM-Test-4] DEBUG ActionDriver - Click action completed for: By.xpath: //button[text()=' Login ']
2025-11-27 00:01:39 [TestNG-test-OrangeHRM-Test-4] INFO  ActionDriver - Checking visibility of element: By.xpath: //div[@class='oxd-brand-banner']//img
2025-11-27 00:01:39 [TestNG-test-OrangeHRM-Test-4] DEBUG ActionDriver - Waiting for element to be visible: By.xpath: //div[@class='oxd-brand-banner']//img
2025-11-27 00:01:40 [TestNG-test-OrangeHRM-Test-1] INFO  BaseClass - WebDriver initialized and browser launched successfully.
2025-11-27 00:01:40 [TestNG-test-OrangeHRM-Test-1] DEBUG BaseClass - Returning WebDriver instance.
2025-11-27 00:01:40 [TestNG-test-OrangeHRM-Test-1] DEBUG BaseClass - Fetching Properties object.
2025-11-27 00:01:40 [TestNG-test-OrangeHRM-Test-1] INFO  ActionDriver - ActionDriver initialized with explicit wait: 30 seconds
2025-11-27 00:01:40 [TestNG-test-OrangeHRM-Test-1] INFO  BaseClass - Action Driver initialized for thread :36
2025-11-27 00:01:40 [TestNG-test-OrangeHRM-Test-1] DEBUG BaseClass - Returning WebDriver instance.
2025-11-27 00:01:40 [TestNG-test-OrangeHRM-Test-1] INFO  BaseClass - Test execution completed. Starting teardown...
2025-11-27 00:01:40 [TestNG-test-OrangeHRM-Test-1] DEBUG BaseClass - Returning WebDriver instance.
2025-11-27 00:01:40 [TestNG-test-OrangeHRM-Test-1] DEBUG BaseClass - Closing browser...
2025-11-27 00:01:40 [TestNG-test-OrangeHRM-Test-1] DEBUG BaseClass - Returning WebDriver instance.
2025-11-27 00:01:40 [TestNG-test-OrangeHRM-Test-3] DEBUG ActionDriver - Text entered successfully into: By.name: username
2025-11-27 00:01:40 [TestNG-test-OrangeHRM-Test-3] INFO  ActionDriver - Entering text 'admin13' into element: By.cssSelector: input[type='password']
2025-11-27 00:01:40 [TestNG-test-OrangeHRM-Test-3] DEBUG ActionDriver - Waiting for element to be visible: By.cssSelector: input[type='password']
2025-11-27 00:01:40 [TestNG-test-OrangeHRM-Test-2] INFO  BaseClass - WebDriver initialized and browser launched successfully.
2025-11-27 00:01:40 [TestNG-test-OrangeHRM-Test-2] DEBUG BaseClass - Returning WebDriver instance.
2025-11-27 00:01:40 [TestNG-test-OrangeHRM-Test-2] DEBUG BaseClass - Fetching Properties object.
2025-11-27 00:01:40 [TestNG-test-OrangeHRM-Test-2] INFO  ActionDriver - ActionDriver initialized with explicit wait: 30 seconds
2025-11-27 00:01:40 [TestNG-test-OrangeHRM-Test-2] INFO  BaseClass - Action Driver initialized for thread :37
2025-11-27 00:01:40 [TestNG-test-OrangeHRM-Test-2] DEBUG BaseClass - Returning WebDriver instance.
2025-11-27 00:01:40 [TestNG-test-OrangeHRM-Test-2] INFO  BaseClass - Test execution completed. Starting teardown...
2025-11-27 00:01:40 [TestNG-test-OrangeHRM-Test-2] DEBUG BaseClass - Returning WebDriver instance.
2025-11-27 00:01:40 [TestNG-test-OrangeHRM-Test-2] DEBUG BaseClass - Closing browser...
2025-11-27 00:01:40 [TestNG-test-OrangeHRM-Test-2] DEBUG BaseClass - Returning WebDriver instance.
2025-11-27 00:01:40 [TestNG-test-OrangeHRM-Test-1] INFO  BaseClass - Browser closed successfully.
2025-11-27 00:01:40 [TestNG-test-OrangeHRM-Test-1] INFO  BaseClass - Driver and ActionDriver instances reset to null.
2025-11-27 00:01:40 [TestNG-test-OrangeHRM-Test-3] DEBUG ActionDriver - Text entered successfully into: By.cssSelector: input[type='password']
2025-11-27 00:01:40 [TestNG-test-OrangeHRM-Test-3] INFO  ActionDriver - Clicking element: Element classname: oxd-button oxd-button--medium oxd-button--main orangehrm-login-button
2025-11-27 00:01:40 [TestNG-test-OrangeHRM-Test-3] DEBUG ActionDriver - Waiting for element to be clickable: By.xpath: //button[text()=' Login ']
2025-11-27 00:01:40 [TestNG-test-OrangeHRM-Test-2] INFO  BaseClass - Browser closed successfully.
2025-11-27 00:01:40 [TestNG-test-OrangeHRM-Test-2] INFO  BaseClass - Driver and ActionDriver instances reset to null.
2025-11-27 00:01:40 [TestNG-test-OrangeHRM-Test-3] DEBUG ActionDriver - Click action completed for: By.xpath: //button[text()=' Login ']
2025-11-27 00:01:40 [TestNG-test-OrangeHRM-Test-3] INFO  ActionDriver - Comparing text for element: By.xpath: //p[text()='Invalid credentials']
2025-11-27 00:01:40 [TestNG-test-OrangeHRM-Test-3] DEBUG ActionDriver - Waiting for element to be visible: By.xpath: //p[text()='Invalid credentials']
2025-11-27 00:01:40 [TestNG-test-OrangeHRM-Test-4] INFO  ActionDriver - Element is displayed: By.xpath: //div[@class='oxd-brand-banner']//img
2025-11-27 00:01:40 [TestNG-test-OrangeHRM-Test-4] INFO  BaseClass - Test execution completed. Starting teardown...
2025-11-27 00:01:40 [TestNG-test-OrangeHRM-Test-4] DEBUG BaseClass - Returning WebDriver instance.
2025-11-27 00:01:40 [TestNG-test-OrangeHRM-Test-4] DEBUG BaseClass - Closing browser...
2025-11-27 00:01:40 [TestNG-test-OrangeHRM-Test-4] DEBUG BaseClass - Returning WebDriver instance.
2025-11-27 00:01:41 [TestNG-test-OrangeHRM-Test-4] INFO  BaseClass - Browser closed successfully.
2025-11-27 00:01:41 [TestNG-test-OrangeHRM-Test-4] INFO  BaseClass - Driver and ActionDriver instances reset to null.
2025-11-27 00:01:42 [TestNG-test-OrangeHRM-Test-3] INFO  ActionDriver - Expected text matches actual text: 'Invalid credentials'
2025-11-27 00:01:42 [TestNG-test-OrangeHRM-Test-3] INFO  BaseClass - Test execution completed. Starting teardown...
2025-11-27 00:01:42 [TestNG-test-OrangeHRM-Test-3] DEBUG BaseClass - Returning WebDriver instance.
2025-11-27 00:01:42 [TestNG-test-OrangeHRM-Test-3] DEBUG BaseClass - Closing browser...
2025-11-27 00:01:42 [TestNG-test-OrangeHRM-Test-3] DEBUG BaseClass - Returning WebDriver instance.
2025-11-27 00:01:42 [TestNG-test-OrangeHRM-Test-3] INFO  BaseClass - Browser closed successfully.
2025-11-27 00:01:42 [TestNG-test-OrangeHRM-Test-3] INFO  BaseClass - Driver and ActionDriver instances reset to null.
2025-11-27 00:01:42 [TestNG-test-OrangeHRM-Test-3] INFO  BaseClass - Test Setup started...
2025-11-27 00:01:42 [TestNG-test-OrangeHRM-Test-3] INFO  BaseClass - Launching browser: chrome
2025-11-27 00:01:42 [TestNG-test-OrangeHRM-Test-3] DEBUG BaseClass - Initializing ChromeDriver...
2025-11-27 00:01:44 [TestNG-test-OrangeHRM-Test-3] INFO  BaseClass - chrome browser launched successfully.
2025-11-27 00:01:44 [TestNG-test-OrangeHRM-Test-3] INFO  BaseClass - Configuring browser settings...
2025-11-27 00:01:44 [TestNG-test-OrangeHRM-Test-3] DEBUG BaseClass - Applying implicit wait: 10 seconds
2025-11-27 00:01:44 [TestNG-test-OrangeHRM-Test-3] DEBUG BaseClass - Returning WebDriver instance.
2025-11-27 00:01:44 [TestNG-test-OrangeHRM-Test-3] DEBUG BaseClass - Maximizing browser window...
2025-11-27 00:01:44 [TestNG-test-OrangeHRM-Test-3] DEBUG BaseClass - Returning WebDriver instance.
2025-11-27 00:01:44 [TestNG-test-OrangeHRM-Test-3] INFO  BaseClass - Navigating to URL: https://opensource-demo.orangehrmlive.com/web/index.php/auth/login
2025-11-27 00:01:44 [TestNG-test-OrangeHRM-Test-3] DEBUG BaseClass - Returning WebDriver instance.
2025-11-27 00:01:47 [TestNG-test-OrangeHRM-Test-3] DEBUG BaseClass - Static wait for 2 seconds before proceeding...
2025-11-27 00:01:47 [TestNG-test-OrangeHRM-Test-3] DEBUG BaseClass - Static wait for 2 seconds.
2025-11-27 00:01:49 [TestNG-test-OrangeHRM-Test-3] INFO  BaseClass - WebDriver initialized and browser launched successfully.
2025-11-27 00:01:49 [TestNG-test-OrangeHRM-Test-3] DEBUG BaseClass - Returning WebDriver instance.
2025-11-27 00:01:49 [TestNG-test-OrangeHRM-Test-3] DEBUG BaseClass - Fetching Properties object.
2025-11-27 00:01:49 [TestNG-test-OrangeHRM-Test-3] INFO  ActionDriver - ActionDriver initialized with explicit wait: 30 seconds
2025-11-27 00:01:49 [TestNG-test-OrangeHRM-Test-3] INFO  BaseClass - Action Driver initialized for thread :38
2025-11-27 00:01:49 [TestNG-test-OrangeHRM-Test-3] DEBUG BaseClass - Returning WebDriver instance.
2025-11-27 00:01:49 [TestNG-test-OrangeHRM-Test-3] DEBUG BaseClass - Returning ActionDriver instance.
2025-11-27 00:01:49 [TestNG-test-OrangeHRM-Test-3] DEBUG BaseClass - Returning WebDriver instance.
2025-11-27 00:01:49 [TestNG-test-OrangeHRM-Test-3] DEBUG BaseClass - Returning ActionDriver instance.
2025-11-27 00:01:49 [TestNG-test-OrangeHRM-Test-3] INFO  ActionDriver - Entering text 'admin' into element: By.name: username
2025-11-27 00:01:49 [TestNG-test-OrangeHRM-Test-3] DEBUG ActionDriver - Waiting for element to be visible: By.name: username
2025-11-27 00:01:49 [TestNG-test-OrangeHRM-Test-3] DEBUG ActionDriver - Text entered successfully into: By.name: username
2025-11-27 00:01:49 [TestNG-test-OrangeHRM-Test-3] INFO  ActionDriver - Entering text 'admin123' into element: By.cssSelector: input[type='password']
2025-11-27 00:01:49 [TestNG-test-OrangeHRM-Test-3] DEBUG ActionDriver - Waiting for element to be visible: By.cssSelector: input[type='password']
2025-11-27 00:01:49 [TestNG-test-OrangeHRM-Test-3] DEBUG ActionDriver - Text entered successfully into: By.cssSelector: input[type='password']
2025-11-27 00:01:49 [TestNG-test-OrangeHRM-Test-3] INFO  ActionDriver - Clicking element: Element classname: oxd-button oxd-button--medium oxd-button--main orangehrm-login-button
2025-11-27 00:01:49 [TestNG-test-OrangeHRM-Test-3] DEBUG ActionDriver - Waiting for element to be clickable: By.xpath: //button[text()=' Login ']
2025-11-27 00:01:49 [TestNG-test-OrangeHRM-Test-3] DEBUG ActionDriver - Click action completed for: By.xpath: //button[text()=' Login ']
2025-11-27 00:01:49 [TestNG-test-OrangeHRM-Test-3] INFO  ActionDriver - Checking visibility of element: By.xpath: //span[text()='Admin']
2025-11-27 00:01:49 [TestNG-test-OrangeHRM-Test-3] DEBUG ActionDriver - Waiting for element to be visible: By.xpath: //span[text()='Admin']
2025-11-27 00:01:51 [TestNG-test-OrangeHRM-Test-3] INFO  ActionDriver - Element is displayed: By.xpath: //span[text()='Admin']
2025-11-27 00:01:51 [TestNG-test-OrangeHRM-Test-3] INFO  ActionDriver - Clicking element: Element classname: oxd-userdropdown-name
2025-11-27 00:01:51 [TestNG-test-OrangeHRM-Test-3] DEBUG ActionDriver - Waiting for element to be clickable: By.className: oxd-userdropdown-name
2025-11-27 00:01:51 [TestNG-test-OrangeHRM-Test-3] DEBUG ActionDriver - Click action completed for: By.className: oxd-userdropdown-name
2025-11-27 00:01:51 [TestNG-test-OrangeHRM-Test-3] INFO  ActionDriver - Clicking element: Element classname: oxd-userdropdown-link
2025-11-27 00:01:51 [TestNG-test-OrangeHRM-Test-3] DEBUG ActionDriver - Waiting for element to be clickable: By.xpath: //a[text()='Logout']
2025-11-27 00:01:53 [TestNG-test-OrangeHRM-Test-3] DEBUG ActionDriver - Click action completed for: By.xpath: //a[text()='Logout']
2025-11-27 00:01:53 [TestNG-test-OrangeHRM-Test-3] DEBUG BaseClass - Static wait for 2 seconds.
2025-11-27 00:01:55 [TestNG-test-OrangeHRM-Test-3] INFO  BaseClass - Test execution completed. Starting teardown...
2025-11-27 00:01:55 [TestNG-test-OrangeHRM-Test-3] DEBUG BaseClass - Returning WebDriver instance.
2025-11-27 00:01:55 [TestNG-test-OrangeHRM-Test-3] DEBUG BaseClass - Closing browser...
2025-11-27 00:01:55 [TestNG-test-OrangeHRM-Test-3] DEBUG BaseClass - Returning WebDriver instance.
2025-11-27 00:01:55 [TestNG-test-OrangeHRM-Test-3] INFO  BaseClass - Browser closed successfully.
2025-11-27 00:01:55 [TestNG-test-OrangeHRM-Test-3] INFO  BaseClass - Driver and ActionDriver instances reset to null.
2025-11-27 00:02:41 [main] INFO  BaseClass - Initializing Properties file loading...
2025-11-27 00:02:41 [main] INFO  BaseClass - Properties file loaded successfully.
2025-11-27 00:02:41 [TestNG-tests-1] INFO  BaseClass - Test Setup started...
2025-11-27 00:02:41 [TestNG-tests-1] INFO  BaseClass - Launching browser: chrome
2025-11-27 00:02:41 [TestNG-tests-1] DEBUG BaseClass - Initializing ChromeDriver...
2025-11-27 00:02:42 [TestNG-tests-1] INFO  BaseClass - chrome browser launched successfully.
2025-11-27 00:02:42 [TestNG-tests-1] INFO  BaseClass - Configuring browser settings...
2025-11-27 00:02:42 [TestNG-tests-1] DEBUG BaseClass - Applying implicit wait: 10 seconds
2025-11-27 00:02:42 [TestNG-tests-1] DEBUG BaseClass - Returning WebDriver instance.
2025-11-27 00:02:42 [TestNG-tests-1] DEBUG BaseClass - Maximizing browser window...
2025-11-27 00:02:42 [TestNG-tests-1] DEBUG BaseClass - Returning WebDriver instance.
2025-11-27 00:02:42 [TestNG-tests-1] INFO  BaseClass - Navigating to URL: https://opensource-demo.orangehrmlive.com/web/index.php/auth/login
2025-11-27 00:02:42 [TestNG-tests-1] DEBUG BaseClass - Returning WebDriver instance.
2025-11-27 00:02:45 [TestNG-tests-1] DEBUG BaseClass - Static wait for 2 seconds before proceeding...
2025-11-27 00:02:45 [TestNG-tests-1] DEBUG BaseClass - Static wait for 2 seconds.
2025-11-27 00:02:47 [TestNG-tests-1] INFO  BaseClass - WebDriver initialized and browser launched successfully.
2025-11-27 00:02:47 [TestNG-tests-1] DEBUG BaseClass - Returning WebDriver instance.
2025-11-27 00:02:47 [TestNG-tests-1] DEBUG BaseClass - Fetching Properties object.
2025-11-27 00:02:47 [TestNG-tests-1] INFO  ActionDriver - ActionDriver initialized with explicit wait: 30 seconds
2025-11-27 00:02:47 [TestNG-tests-1] INFO  BaseClass - Action Driver initialized for thread :35
2025-11-27 00:02:47 [TestNG-tests-1] DEBUG BaseClass - Returning WebDriver instance.
2025-11-27 00:02:47 [TestNG-tests-1] INFO  BaseClass - Test execution completed. Starting teardown...
2025-11-27 00:02:47 [TestNG-tests-1] DEBUG BaseClass - Returning WebDriver instance.
2025-11-27 00:02:47 [TestNG-tests-1] DEBUG BaseClass - Closing browser...
2025-11-27 00:02:47 [TestNG-tests-1] DEBUG BaseClass - Returning WebDriver instance.
2025-11-27 00:02:47 [TestNG-tests-1] INFO  BaseClass - Browser closed successfully.
2025-11-27 00:02:47 [TestNG-tests-1] INFO  BaseClass - Driver and ActionDriver instances reset to null.
2025-11-27 00:02:47 [TestNG-tests-1] INFO  BaseClass - Test Setup started...
2025-11-27 00:02:47 [TestNG-tests-1] INFO  BaseClass - Launching browser: chrome
2025-11-27 00:02:47 [TestNG-tests-1] DEBUG BaseClass - Initializing ChromeDriver...
2025-11-27 00:02:48 [TestNG-tests-1] INFO  BaseClass - chrome browser launched successfully.
2025-11-27 00:02:48 [TestNG-tests-1] INFO  BaseClass - Configuring browser settings...
2025-11-27 00:02:48 [TestNG-tests-1] DEBUG BaseClass - Applying implicit wait: 10 seconds
2025-11-27 00:02:48 [TestNG-tests-1] DEBUG BaseClass - Returning WebDriver instance.
2025-11-27 00:02:48 [TestNG-tests-1] DEBUG BaseClass - Maximizing browser window...
2025-11-27 00:02:48 [TestNG-tests-1] DEBUG BaseClass - Returning WebDriver instance.
2025-11-27 00:02:48 [TestNG-tests-1] INFO  BaseClass - Navigating to URL: https://opensource-demo.orangehrmlive.com/web/index.php/auth/login
2025-11-27 00:02:48 [TestNG-tests-1] DEBUG BaseClass - Returning WebDriver instance.
2025-11-27 00:02:51 [TestNG-tests-1] DEBUG BaseClass - Static wait for 2 seconds before proceeding...
2025-11-27 00:02:51 [TestNG-tests-1] DEBUG BaseClass - Static wait for 2 seconds.
2025-11-27 00:02:53 [TestNG-tests-1] INFO  BaseClass - WebDriver initialized and browser launched successfully.
2025-11-27 00:02:53 [TestNG-tests-1] DEBUG BaseClass - Returning WebDriver instance.
2025-11-27 00:02:53 [TestNG-tests-1] DEBUG BaseClass - Fetching Properties object.
2025-11-27 00:02:53 [TestNG-tests-1] INFO  ActionDriver - ActionDriver initialized with explicit wait: 30 seconds
2025-11-27 00:02:53 [TestNG-tests-1] INFO  BaseClass - Action Driver initialized for thread :35
2025-11-27 00:02:53 [TestNG-tests-1] DEBUG BaseClass - Returning WebDriver instance.
2025-11-27 00:02:53 [TestNG-tests-1] INFO  BaseClass - Test execution completed. Starting teardown...
2025-11-27 00:02:53 [TestNG-tests-1] DEBUG BaseClass - Returning WebDriver instance.
2025-11-27 00:02:53 [TestNG-tests-1] DEBUG BaseClass - Closing browser...
2025-11-27 00:02:53 [TestNG-tests-1] DEBUG BaseClass - Returning WebDriver instance.
2025-11-27 00:02:53 [TestNG-tests-1] INFO  BaseClass - Browser closed successfully.
2025-11-27 00:02:53 [TestNG-tests-1] INFO  BaseClass - Driver and ActionDriver instances reset to null.
2025-11-27 00:02:53 [TestNG-tests-1] INFO  BaseClass - Test Setup started...
2025-11-27 00:02:53 [TestNG-tests-1] INFO  BaseClass - Launching browser: chrome
2025-11-27 00:02:53 [TestNG-tests-1] DEBUG BaseClass - Initializing ChromeDriver...
2025-11-27 00:02:54 [TestNG-tests-1] INFO  BaseClass - chrome browser launched successfully.
2025-11-27 00:02:54 [TestNG-tests-1] INFO  BaseClass - Configuring browser settings...
2025-11-27 00:02:54 [TestNG-tests-1] DEBUG BaseClass - Applying implicit wait: 10 seconds
2025-11-27 00:02:54 [TestNG-tests-1] DEBUG BaseClass - Returning WebDriver instance.
2025-11-27 00:02:54 [TestNG-tests-1] DEBUG BaseClass - Maximizing browser window...
2025-11-27 00:02:54 [TestNG-tests-1] DEBUG BaseClass - Returning WebDriver instance.
2025-11-27 00:02:54 [TestNG-tests-1] INFO  BaseClass - Navigating to URL: https://opensource-demo.orangehrmlive.com/web/index.php/auth/login
2025-11-27 00:02:54 [TestNG-tests-1] DEBUG BaseClass - Returning WebDriver instance.
2025-11-27 00:02:58 [TestNG-tests-1] DEBUG BaseClass - Static wait for 2 seconds before proceeding...
2025-11-27 00:02:58 [TestNG-tests-1] DEBUG BaseClass - Static wait for 2 seconds.
2025-11-27 00:03:00 [TestNG-tests-1] INFO  BaseClass - WebDriver initialized and browser launched successfully.
2025-11-27 00:03:00 [TestNG-tests-1] DEBUG BaseClass - Returning WebDriver instance.
2025-11-27 00:03:00 [TestNG-tests-1] DEBUG BaseClass - Fetching Properties object.
2025-11-27 00:03:00 [TestNG-tests-1] INFO  ActionDriver - ActionDriver initialized with explicit wait: 30 seconds
2025-11-27 00:03:00 [TestNG-tests-1] INFO  BaseClass - Action Driver initialized for thread :35
2025-11-27 00:03:00 [TestNG-tests-1] DEBUG BaseClass - Returning WebDriver instance.
2025-11-27 00:03:00 [TestNG-tests-1] DEBUG BaseClass - Returning ActionDriver instance.
2025-11-27 00:03:00 [TestNG-tests-1] DEBUG BaseClass - Returning WebDriver instance.
2025-11-27 00:03:00 [TestNG-tests-1] DEBUG BaseClass - Returning ActionDriver instance.
2025-11-27 00:03:00 [TestNG-tests-1] INFO  ActionDriver - Entering text 'admin' into element: By.name: username
2025-11-27 00:03:00 [TestNG-tests-1] DEBUG ActionDriver - Waiting for element to be visible: By.name: username
2025-11-27 00:03:00 [TestNG-tests-1] DEBUG ActionDriver - Text entered successfully into: By.name: username
2025-11-27 00:03:00 [TestNG-tests-1] INFO  ActionDriver - Entering text 'admin13' into element: By.cssSelector: input[type='password']
2025-11-27 00:03:00 [TestNG-tests-1] DEBUG ActionDriver - Waiting for element to be visible: By.cssSelector: input[type='password']
2025-11-27 00:03:00 [TestNG-tests-1] DEBUG ActionDriver - Text entered successfully into: By.cssSelector: input[type='password']
2025-11-27 00:03:00 [TestNG-tests-1] INFO  ActionDriver - Clicking element: Element classname: oxd-button oxd-button--medium oxd-button--main orangehrm-login-button
2025-11-27 00:03:00 [TestNG-tests-1] DEBUG ActionDriver - Waiting for element to be clickable: By.xpath: //button[text()=' Login ']
2025-11-27 00:03:00 [TestNG-tests-1] DEBUG ActionDriver - Click action completed for: By.xpath: //button[text()=' Login ']
2025-11-27 00:03:00 [TestNG-tests-1] INFO  ActionDriver - Comparing text for element: By.xpath: //p[text()='Invalid credentials']
2025-11-27 00:03:00 [TestNG-tests-1] DEBUG ActionDriver - Waiting for element to be visible: By.xpath: //p[text()='Invalid credentials']
2025-11-27 00:03:02 [TestNG-tests-1] INFO  ActionDriver - Expected text matches actual text: 'Invalid credentials'
2025-11-27 00:03:02 [TestNG-tests-1] INFO  BaseClass - Test execution completed. Starting teardown...
2025-11-27 00:03:02 [TestNG-tests-1] DEBUG BaseClass - Returning WebDriver instance.
2025-11-27 00:03:02 [TestNG-tests-1] DEBUG BaseClass - Closing browser...
2025-11-27 00:03:02 [TestNG-tests-1] DEBUG BaseClass - Returning WebDriver instance.
2025-11-27 00:03:02 [TestNG-tests-1] INFO  BaseClass - Browser closed successfully.
2025-11-27 00:03:02 [TestNG-tests-1] INFO  BaseClass - Driver and ActionDriver instances reset to null.
2025-11-27 00:03:02 [TestNG-tests-1] INFO  BaseClass - Test Setup started...
2025-11-27 00:03:02 [TestNG-tests-1] INFO  BaseClass - Launching browser: chrome
2025-11-27 00:03:02 [TestNG-tests-1] DEBUG BaseClass - Initializing ChromeDriver...
2025-11-27 00:03:03 [TestNG-tests-1] INFO  BaseClass - chrome browser launched successfully.
2025-11-27 00:03:03 [TestNG-tests-1] INFO  BaseClass - Configuring browser settings...
2025-11-27 00:03:03 [TestNG-tests-1] DEBUG BaseClass - Applying implicit wait: 10 seconds
2025-11-27 00:03:03 [TestNG-tests-1] DEBUG BaseClass - Returning WebDriver instance.
2025-11-27 00:03:03 [TestNG-tests-1] DEBUG BaseClass - Maximizing browser window...
2025-11-27 00:03:03 [TestNG-tests-1] DEBUG BaseClass - Returning WebDriver instance.
2025-11-27 00:03:03 [TestNG-tests-1] INFO  BaseClass - Navigating to URL: https://opensource-demo.orangehrmlive.com/web/index.php/auth/login
2025-11-27 00:03:03 [TestNG-tests-1] DEBUG BaseClass - Returning WebDriver instance.
2025-11-27 00:03:06 [TestNG-tests-1] DEBUG BaseClass - Static wait for 2 seconds before proceeding...
2025-11-27 00:03:06 [TestNG-tests-1] DEBUG BaseClass - Static wait for 2 seconds.
2025-11-27 00:03:08 [TestNG-tests-1] INFO  BaseClass - WebDriver initialized and browser launched successfully.
2025-11-27 00:03:08 [TestNG-tests-1] DEBUG BaseClass - Returning WebDriver instance.
2025-11-27 00:03:08 [TestNG-tests-1] DEBUG BaseClass - Fetching Properties object.
2025-11-27 00:03:08 [TestNG-tests-1] INFO  ActionDriver - ActionDriver initialized with explicit wait: 30 seconds
2025-11-27 00:03:08 [TestNG-tests-1] INFO  BaseClass - Action Driver initialized for thread :35
2025-11-27 00:03:08 [TestNG-tests-1] DEBUG BaseClass - Returning WebDriver instance.
2025-11-27 00:03:08 [TestNG-tests-1] DEBUG BaseClass - Returning ActionDriver instance.
2025-11-27 00:03:08 [TestNG-tests-1] DEBUG BaseClass - Returning WebDriver instance.
2025-11-27 00:03:08 [TestNG-tests-1] DEBUG BaseClass - Returning ActionDriver instance.
2025-11-27 00:03:08 [TestNG-tests-1] INFO  ActionDriver - Entering text 'admin' into element: By.name: username
2025-11-27 00:03:08 [TestNG-tests-1] DEBUG ActionDriver - Waiting for element to be visible: By.name: username
2025-11-27 00:03:08 [TestNG-tests-1] DEBUG ActionDriver - Text entered successfully into: By.name: username
2025-11-27 00:03:08 [TestNG-tests-1] INFO  ActionDriver - Entering text 'admin123' into element: By.cssSelector: input[type='password']
2025-11-27 00:03:08 [TestNG-tests-1] DEBUG ActionDriver - Waiting for element to be visible: By.cssSelector: input[type='password']
2025-11-27 00:03:09 [TestNG-tests-1] DEBUG ActionDriver - Text entered successfully into: By.cssSelector: input[type='password']
2025-11-27 00:03:09 [TestNG-tests-1] INFO  ActionDriver - Clicking element: Element classname: oxd-button oxd-button--medium oxd-button--main orangehrm-login-button
2025-11-27 00:03:09 [TestNG-tests-1] DEBUG ActionDriver - Waiting for element to be clickable: By.xpath: //button[text()=' Login ']
2025-11-27 00:03:09 [TestNG-tests-1] DEBUG ActionDriver - Click action completed for: By.xpath: //button[text()=' Login ']
2025-11-27 00:03:09 [TestNG-tests-1] INFO  ActionDriver - Checking visibility of element: By.xpath: //span[text()='Admin']
2025-11-27 00:03:09 [TestNG-tests-1] DEBUG ActionDriver - Waiting for element to be visible: By.xpath: //span[text()='Admin']
2025-11-27 00:03:10 [TestNG-tests-1] INFO  ActionDriver - Element is displayed: By.xpath: //span[text()='Admin']
2025-11-27 00:03:10 [TestNG-tests-1] INFO  ActionDriver - Clicking element: Element classname: oxd-userdropdown-name
2025-11-27 00:03:10 [TestNG-tests-1] DEBUG ActionDriver - Waiting for element to be clickable: By.className: oxd-userdropdown-name
2025-11-27 00:03:11 [TestNG-tests-1] DEBUG ActionDriver - Click action completed for: By.className: oxd-userdropdown-name
2025-11-27 00:03:11 [TestNG-tests-1] INFO  ActionDriver - Clicking element: Element classname: oxd-userdropdown-link
2025-11-27 00:03:11 [TestNG-tests-1] DEBUG ActionDriver - Waiting for element to be clickable: By.xpath: //a[text()='Logout']
2025-11-27 00:03:12 [TestNG-tests-1] DEBUG ActionDriver - Click action completed for: By.xpath: //a[text()='Logout']
2025-11-27 00:03:12 [TestNG-tests-1] DEBUG BaseClass - Static wait for 2 seconds.
2025-11-27 00:03:14 [TestNG-tests-1] INFO  BaseClass - Test execution completed. Starting teardown...
2025-11-27 00:03:14 [TestNG-tests-1] DEBUG BaseClass - Returning WebDriver instance.
2025-11-27 00:03:14 [TestNG-tests-1] DEBUG BaseClass - Closing browser...
2025-11-27 00:03:14 [TestNG-tests-1] DEBUG BaseClass - Returning WebDriver instance.
2025-11-27 00:03:15 [TestNG-tests-1] INFO  BaseClass - Browser closed successfully.
2025-11-27 00:03:15 [TestNG-tests-1] INFO  BaseClass - Driver and ActionDriver instances reset to null.
2025-11-27 00:03:15 [TestNG-tests-1] INFO  BaseClass - Test Setup started...
2025-11-27 00:03:15 [TestNG-tests-1] INFO  BaseClass - Launching browser: chrome
2025-11-27 00:03:15 [TestNG-tests-1] DEBUG BaseClass - Initializing ChromeDriver...
2025-11-27 00:03:16 [TestNG-tests-1] INFO  BaseClass - chrome browser launched successfully.
2025-11-27 00:03:16 [TestNG-tests-1] INFO  BaseClass - Configuring browser settings...
2025-11-27 00:03:16 [TestNG-tests-1] DEBUG BaseClass - Applying implicit wait: 10 seconds
2025-11-27 00:03:16 [TestNG-tests-1] DEBUG BaseClass - Returning WebDriver instance.
2025-11-27 00:03:16 [TestNG-tests-1] DEBUG BaseClass - Maximizing browser window...
2025-11-27 00:03:16 [TestNG-tests-1] DEBUG BaseClass - Returning WebDriver instance.
2025-11-27 00:03:16 [TestNG-tests-1] INFO  BaseClass - Navigating to URL: https://opensource-demo.orangehrmlive.com/web/index.php/auth/login
2025-11-27 00:03:16 [TestNG-tests-1] DEBUG BaseClass - Returning WebDriver instance.
2025-11-27 00:03:19 [TestNG-tests-1] DEBUG BaseClass - Static wait for 2 seconds before proceeding...
2025-11-27 00:03:19 [TestNG-tests-1] DEBUG BaseClass - Static wait for 2 seconds.
2025-11-27 00:03:21 [TestNG-tests-1] INFO  BaseClass - WebDriver initialized and browser launched successfully.
2025-11-27 00:03:21 [TestNG-tests-1] DEBUG BaseClass - Returning WebDriver instance.
2025-11-27 00:03:21 [TestNG-tests-1] DEBUG BaseClass - Fetching Properties object.
2025-11-27 00:03:21 [TestNG-tests-1] INFO  ActionDriver - ActionDriver initialized with explicit wait: 30 seconds
2025-11-27 00:03:21 [TestNG-tests-1] INFO  BaseClass - Action Driver initialized for thread :35
2025-11-27 00:03:21 [TestNG-tests-1] DEBUG BaseClass - Returning WebDriver instance.
2025-11-27 00:03:21 [TestNG-tests-1] DEBUG BaseClass - Returning ActionDriver instance.
2025-11-27 00:03:21 [TestNG-tests-1] DEBUG BaseClass - Returning WebDriver instance.
2025-11-27 00:03:21 [TestNG-tests-1] DEBUG BaseClass - Returning ActionDriver instance.
2025-11-27 00:03:21 [TestNG-tests-1] INFO  ActionDriver - Entering text 'admin' into element: By.name: username
2025-11-27 00:03:21 [TestNG-tests-1] DEBUG ActionDriver - Waiting for element to be visible: By.name: username
2025-11-27 00:03:21 [TestNG-tests-1] DEBUG ActionDriver - Text entered successfully into: By.name: username
2025-11-27 00:03:21 [TestNG-tests-1] INFO  ActionDriver - Entering text 'admin123' into element: By.cssSelector: input[type='password']
2025-11-27 00:03:21 [TestNG-tests-1] DEBUG ActionDriver - Waiting for element to be visible: By.cssSelector: input[type='password']
2025-11-27 00:03:21 [TestNG-tests-1] DEBUG ActionDriver - Text entered successfully into: By.cssSelector: input[type='password']
2025-11-27 00:03:21 [TestNG-tests-1] INFO  ActionDriver - Clicking element: Element classname: oxd-button oxd-button--medium oxd-button--main orangehrm-login-button
2025-11-27 00:03:21 [TestNG-tests-1] DEBUG ActionDriver - Waiting for element to be clickable: By.xpath: //button[text()=' Login ']
2025-11-27 00:03:21 [TestNG-tests-1] DEBUG ActionDriver - Click action completed for: By.xpath: //button[text()=' Login ']
2025-11-27 00:03:21 [TestNG-tests-1] INFO  ActionDriver - Checking visibility of element: By.xpath: //div[@class='oxd-brand-banner']//img
2025-11-27 00:03:22 [TestNG-tests-1] DEBUG ActionDriver - Waiting for element to be visible: By.xpath: //div[@class='oxd-brand-banner']//img
2025-11-27 00:03:23 [TestNG-tests-1] INFO  ActionDriver - Element is displayed: By.xpath: //div[@class='oxd-brand-banner']//img
2025-11-27 00:03:23 [TestNG-tests-1] INFO  BaseClass - Test execution completed. Starting teardown...
2025-11-27 00:03:23 [TestNG-tests-1] DEBUG BaseClass - Returning WebDriver instance.
2025-11-27 00:03:23 [TestNG-tests-1] DEBUG BaseClass - Closing browser...
2025-11-27 00:03:23 [TestNG-tests-1] DEBUG BaseClass - Returning WebDriver instance.
2025-11-27 00:03:23 [TestNG-tests-1] INFO  BaseClass - Browser closed successfully.
2025-11-27 00:03:23 [TestNG-tests-1] INFO  BaseClass - Driver and ActionDriver instances reset to null.
2025-11-27 00:04:55 [main] INFO  BaseClass - Initializing Properties file loading...
2025-11-27 00:04:55 [main] INFO  BaseClass - Properties file loaded successfully.
2025-11-27 00:04:55 [TestNG-test-OrangeHRM-Test-1] INFO  BaseClass - Test Setup started...
2025-11-27 00:04:55 [TestNG-test-OrangeHRM-Test-3] INFO  BaseClass - Test Setup started...
2025-11-27 00:04:55 [TestNG-test-OrangeHRM-Test-5] INFO  BaseClass - Test Setup started...
2025-11-27 00:04:55 [TestNG-test-OrangeHRM-Test-4] INFO  BaseClass - Test Setup started...
2025-11-27 00:04:55 [TestNG-test-OrangeHRM-Test-2] INFO  BaseClass - Test Setup started...
2025-11-27 00:04:55 [TestNG-test-OrangeHRM-Test-4] INFO  BaseClass - Launching browser: chrome
2025-11-27 00:04:55 [TestNG-test-OrangeHRM-Test-3] INFO  BaseClass - Launching browser: chrome
2025-11-27 00:04:55 [TestNG-test-OrangeHRM-Test-2] INFO  BaseClass - Launching browser: chrome
2025-11-27 00:04:55 [TestNG-test-OrangeHRM-Test-1] INFO  BaseClass - Launching browser: chrome
2025-11-27 00:04:55 [TestNG-test-OrangeHRM-Test-4] DEBUG BaseClass - Initializing ChromeDriver...
2025-11-27 00:04:55 [TestNG-test-OrangeHRM-Test-5] INFO  BaseClass - Launching browser: chrome
2025-11-27 00:04:55 [TestNG-test-OrangeHRM-Test-3] DEBUG BaseClass - Initializing ChromeDriver...
2025-11-27 00:04:55 [TestNG-test-OrangeHRM-Test-2] DEBUG BaseClass - Initializing ChromeDriver...
2025-11-27 00:04:55 [TestNG-test-OrangeHRM-Test-1] DEBUG BaseClass - Initializing ChromeDriver...
2025-11-27 00:04:55 [TestNG-test-OrangeHRM-Test-5] DEBUG BaseClass - Initializing ChromeDriver...
2025-11-27 00:04:58 [TestNG-test-OrangeHRM-Test-2] INFO  BaseClass - chrome browser launched successfully.
2025-11-27 00:04:58 [TestNG-test-OrangeHRM-Test-2] INFO  BaseClass - Configuring browser settings...
2025-11-27 00:04:58 [TestNG-test-OrangeHRM-Test-2] DEBUG BaseClass - Applying implicit wait: 10 seconds
2025-11-27 00:04:58 [TestNG-test-OrangeHRM-Test-1] INFO  BaseClass - chrome browser launched successfully.
2025-11-27 00:04:58 [TestNG-test-OrangeHRM-Test-1] INFO  BaseClass - Configuring browser settings...
2025-11-27 00:04:58 [TestNG-test-OrangeHRM-Test-2] DEBUG BaseClass - Returning WebDriver instance.
2025-11-27 00:04:58 [TestNG-test-OrangeHRM-Test-1] DEBUG BaseClass - Applying implicit wait: 10 seconds
2025-11-27 00:04:58 [TestNG-test-OrangeHRM-Test-1] DEBUG BaseClass - Returning WebDriver instance.
2025-11-27 00:04:58 [TestNG-test-OrangeHRM-Test-4] INFO  BaseClass - chrome browser launched successfully.
2025-11-27 00:04:58 [TestNG-test-OrangeHRM-Test-4] INFO  BaseClass - Configuring browser settings...
2025-11-27 00:04:58 [TestNG-test-OrangeHRM-Test-4] DEBUG BaseClass - Applying implicit wait: 10 seconds
2025-11-27 00:04:58 [TestNG-test-OrangeHRM-Test-4] DEBUG BaseClass - Returning WebDriver instance.
2025-11-27 00:04:58 [TestNG-test-OrangeHRM-Test-2] DEBUG BaseClass - Maximizing browser window...
2025-11-27 00:04:58 [TestNG-test-OrangeHRM-Test-5] INFO  BaseClass - chrome browser launched successfully.
2025-11-27 00:04:58 [TestNG-test-OrangeHRM-Test-2] DEBUG BaseClass - Returning WebDriver instance.
2025-11-27 00:04:58 [TestNG-test-OrangeHRM-Test-1] DEBUG BaseClass - Maximizing browser window...
2025-11-27 00:04:58 [TestNG-test-OrangeHRM-Test-1] DEBUG BaseClass - Returning WebDriver instance.
2025-11-27 00:04:58 [TestNG-test-OrangeHRM-Test-5] INFO  BaseClass - Configuring browser settings...
2025-11-27 00:04:58 [TestNG-test-OrangeHRM-Test-5] DEBUG BaseClass - Applying implicit wait: 10 seconds
2025-11-27 00:04:58 [TestNG-test-OrangeHRM-Test-5] DEBUG BaseClass - Returning WebDriver instance.
2025-11-27 00:04:58 [TestNG-test-OrangeHRM-Test-4] DEBUG BaseClass - Maximizing browser window...
2025-11-27 00:04:58 [TestNG-test-OrangeHRM-Test-4] DEBUG BaseClass - Returning WebDriver instance.
2025-11-27 00:04:58 [TestNG-test-OrangeHRM-Test-5] DEBUG BaseClass - Maximizing browser window...
2025-11-27 00:04:58 [TestNG-test-OrangeHRM-Test-5] DEBUG BaseClass - Returning WebDriver instance.
2025-11-27 00:04:58 [TestNG-test-OrangeHRM-Test-5] INFO  BaseClass - Navigating to URL: https://opensource-demo.orangehrmlive.com/web/index.php/auth/login
2025-11-27 00:04:58 [TestNG-test-OrangeHRM-Test-5] DEBUG BaseClass - Returning WebDriver instance.
2025-11-27 00:04:58 [TestNG-test-OrangeHRM-Test-2] INFO  BaseClass - Navigating to URL: https://opensource-demo.orangehrmlive.com/web/index.php/auth/login
2025-11-27 00:04:58 [TestNG-test-OrangeHRM-Test-2] DEBUG BaseClass - Returning WebDriver instance.
2025-11-27 00:04:58 [TestNG-test-OrangeHRM-Test-1] INFO  BaseClass - Navigating to URL: https://opensource-demo.orangehrmlive.com/web/index.php/auth/login
2025-11-27 00:04:58 [TestNG-test-OrangeHRM-Test-1] DEBUG BaseClass - Returning WebDriver instance.
2025-11-27 00:04:58 [TestNG-test-OrangeHRM-Test-4] INFO  BaseClass - Navigating to URL: https://opensource-demo.orangehrmlive.com/web/index.php/auth/login
2025-11-27 00:04:58 [TestNG-test-OrangeHRM-Test-4] DEBUG BaseClass - Returning WebDriver instance.
2025-11-27 00:04:58 [TestNG-test-OrangeHRM-Test-3] INFO  BaseClass - chrome browser launched successfully.
2025-11-27 00:04:58 [TestNG-test-OrangeHRM-Test-3] INFO  BaseClass - Configuring browser settings...
2025-11-27 00:04:58 [TestNG-test-OrangeHRM-Test-3] DEBUG BaseClass - Applying implicit wait: 10 seconds
2025-11-27 00:04:58 [TestNG-test-OrangeHRM-Test-3] DEBUG BaseClass - Returning WebDriver instance.
2025-11-27 00:04:58 [TestNG-test-OrangeHRM-Test-3] DEBUG BaseClass - Maximizing browser window...
2025-11-27 00:04:58 [TestNG-test-OrangeHRM-Test-3] DEBUG BaseClass - Returning WebDriver instance.
2025-11-27 00:04:58 [TestNG-test-OrangeHRM-Test-3] INFO  BaseClass - Navigating to URL: https://opensource-demo.orangehrmlive.com/web/index.php/auth/login
2025-11-27 00:04:58 [TestNG-test-OrangeHRM-Test-3] DEBUG BaseClass - Returning WebDriver instance.
2025-11-27 00:05:00 [TestNG-test-OrangeHRM-Test-4] DEBUG BaseClass - Static wait for 2 seconds before proceeding...
2025-11-27 00:05:00 [TestNG-test-OrangeHRM-Test-4] DEBUG BaseClass - Static wait for 2 seconds.
2025-11-27 00:05:02 [TestNG-test-OrangeHRM-Test-4] INFO  BaseClass - WebDriver initialized and browser launched successfully.
2025-11-27 00:05:02 [TestNG-test-OrangeHRM-Test-4] DEBUG BaseClass - Returning WebDriver instance.
2025-11-27 00:05:02 [TestNG-test-OrangeHRM-Test-4] DEBUG BaseClass - Fetching Properties object.
2025-11-27 00:05:02 [TestNG-test-OrangeHRM-Test-4] INFO  ActionDriver - ActionDriver initialized with explicit wait: 30 seconds
2025-11-27 00:05:02 [TestNG-test-OrangeHRM-Test-4] INFO  BaseClass - Action Driver initialized for thread :40
2025-11-27 00:05:02 [TestNG-test-OrangeHRM-Test-4] DEBUG BaseClass - Returning WebDriver instance.
2025-11-27 00:05:02 [TestNG-test-OrangeHRM-Test-4] DEBUG BaseClass - Returning ActionDriver instance.
2025-11-27 00:05:02 [TestNG-test-OrangeHRM-Test-4] DEBUG BaseClass - Returning WebDriver instance.
2025-11-27 00:05:02 [TestNG-test-OrangeHRM-Test-4] DEBUG BaseClass - Returning ActionDriver instance.
2025-11-27 00:05:02 [TestNG-test-OrangeHRM-Test-4] INFO  ActionDriver - Entering text 'admin' into element: By.name: username
2025-11-27 00:05:02 [TestNG-test-OrangeHRM-Test-4] DEBUG ActionDriver - Waiting for element to be visible: By.name: username
2025-11-27 00:05:02 [TestNG-test-OrangeHRM-Test-1] DEBUG BaseClass - Static wait for 2 seconds before proceeding...
2025-11-27 00:05:02 [TestNG-test-OrangeHRM-Test-1] DEBUG BaseClass - Static wait for 2 seconds.
2025-11-27 00:05:02 [TestNG-test-OrangeHRM-Test-5] DEBUG BaseClass - Static wait for 2 seconds before proceeding...
2025-11-27 00:05:02 [TestNG-test-OrangeHRM-Test-5] DEBUG BaseClass - Static wait for 2 seconds.
2025-11-27 00:05:02 [TestNG-test-OrangeHRM-Test-2] DEBUG BaseClass - Static wait for 2 seconds before proceeding...
2025-11-27 00:05:02 [TestNG-test-OrangeHRM-Test-2] DEBUG BaseClass - Static wait for 2 seconds.
2025-11-27 00:05:03 [TestNG-test-OrangeHRM-Test-4] DEBUG ActionDriver - Text entered successfully into: By.name: username
2025-11-27 00:05:03 [TestNG-test-OrangeHRM-Test-4] INFO  ActionDriver - Entering text 'admin123' into element: By.cssSelector: input[type='password']
2025-11-27 00:05:03 [TestNG-test-OrangeHRM-Test-4] DEBUG ActionDriver - Waiting for element to be visible: By.cssSelector: input[type='password']
2025-11-27 00:05:03 [TestNG-test-OrangeHRM-Test-4] DEBUG ActionDriver - Text entered successfully into: By.cssSelector: input[type='password']
2025-11-27 00:05:03 [TestNG-test-OrangeHRM-Test-4] INFO  ActionDriver - Clicking element: Element classname: oxd-button oxd-button--medium oxd-button--main orangehrm-login-button
2025-11-27 00:05:03 [TestNG-test-OrangeHRM-Test-4] DEBUG ActionDriver - Waiting for element to be clickable: By.xpath: //button[text()=' Login ']
2025-11-27 00:05:03 [TestNG-test-OrangeHRM-Test-4] DEBUG ActionDriver - Click action completed for: By.xpath: //button[text()=' Login ']
2025-11-27 00:05:03 [TestNG-test-OrangeHRM-Test-4] INFO  ActionDriver - Checking visibility of element: By.xpath: //span[text()='Admin']
2025-11-27 00:05:03 [TestNG-test-OrangeHRM-Test-4] DEBUG ActionDriver - Waiting for element to be visible: By.xpath: //span[text()='Admin']
2025-11-27 00:05:04 [TestNG-test-OrangeHRM-Test-1] INFO  BaseClass - WebDriver initialized and browser launched successfully.
2025-11-27 00:05:04 [TestNG-test-OrangeHRM-Test-1] DEBUG BaseClass - Returning WebDriver instance.
2025-11-27 00:05:04 [TestNG-test-OrangeHRM-Test-1] DEBUG BaseClass - Fetching Properties object.
2025-11-27 00:05:04 [TestNG-test-OrangeHRM-Test-1] INFO  ActionDriver - ActionDriver initialized with explicit wait: 30 seconds
2025-11-27 00:05:04 [TestNG-test-OrangeHRM-Test-1] INFO  BaseClass - Action Driver initialized for thread :37
2025-11-27 00:05:04 [TestNG-test-OrangeHRM-Test-1] DEBUG BaseClass - Returning WebDriver instance.
2025-11-27 00:05:04 [TestNG-test-OrangeHRM-Test-1] INFO  BaseClass - Test execution completed. Starting teardown...
2025-11-27 00:05:04 [TestNG-test-OrangeHRM-Test-1] DEBUG BaseClass - Returning WebDriver instance.
2025-11-27 00:05:04 [TestNG-test-OrangeHRM-Test-1] DEBUG BaseClass - Closing browser...
2025-11-27 00:05:04 [TestNG-test-OrangeHRM-Test-1] DEBUG BaseClass - Returning WebDriver instance.
2025-11-27 00:05:04 [TestNG-test-OrangeHRM-Test-5] INFO  BaseClass - WebDriver initialized and browser launched successfully.
2025-11-27 00:05:04 [TestNG-test-OrangeHRM-Test-5] DEBUG BaseClass - Returning WebDriver instance.
2025-11-27 00:05:04 [TestNG-test-OrangeHRM-Test-5] DEBUG BaseClass - Fetching Properties object.
2025-11-27 00:05:04 [TestNG-test-OrangeHRM-Test-1] INFO  BaseClass - Browser closed successfully.
2025-11-27 00:05:04 [TestNG-test-OrangeHRM-Test-5] INFO  ActionDriver - ActionDriver initialized with explicit wait: 30 seconds
2025-11-27 00:05:04 [TestNG-test-OrangeHRM-Test-1] INFO  BaseClass - Driver and ActionDriver instances reset to null.
2025-11-27 00:05:04 [TestNG-test-OrangeHRM-Test-5] INFO  BaseClass - Action Driver initialized for thread :41
2025-11-27 00:05:04 [TestNG-test-OrangeHRM-Test-5] DEBUG BaseClass - Returning WebDriver instance.
2025-11-27 00:05:04 [TestNG-test-OrangeHRM-Test-5] DEBUG BaseClass - Returning ActionDriver instance.
2025-11-27 00:05:04 [TestNG-test-OrangeHRM-Test-5] DEBUG BaseClass - Returning WebDriver instance.
2025-11-27 00:05:04 [TestNG-test-OrangeHRM-Test-5] DEBUG BaseClass - Returning ActionDriver instance.
2025-11-27 00:05:04 [TestNG-test-OrangeHRM-Test-5] INFO  ActionDriver - Entering text 'admin' into element: By.name: username
2025-11-27 00:05:04 [TestNG-test-OrangeHRM-Test-5] DEBUG ActionDriver - Waiting for element to be visible: By.name: username
2025-11-27 00:05:04 [TestNG-test-OrangeHRM-Test-2] INFO  BaseClass - WebDriver initialized and browser launched successfully.
2025-11-27 00:05:04 [TestNG-test-OrangeHRM-Test-2] DEBUG BaseClass - Returning WebDriver instance.
2025-11-27 00:05:04 [TestNG-test-OrangeHRM-Test-2] DEBUG BaseClass - Fetching Properties object.
2025-11-27 00:05:04 [TestNG-test-OrangeHRM-Test-2] INFO  ActionDriver - ActionDriver initialized with explicit wait: 30 seconds
2025-11-27 00:05:04 [TestNG-test-OrangeHRM-Test-2] INFO  BaseClass - Action Driver initialized for thread :38
2025-11-27 00:05:04 [TestNG-test-OrangeHRM-Test-2] DEBUG BaseClass - Returning WebDriver instance.
2025-11-27 00:05:04 [TestNG-test-OrangeHRM-Test-2] INFO  BaseClass - Test execution completed. Starting teardown...
2025-11-27 00:05:04 [TestNG-test-OrangeHRM-Test-2] DEBUG BaseClass - Returning WebDriver instance.
2025-11-27 00:05:04 [TestNG-test-OrangeHRM-Test-2] DEBUG BaseClass - Closing browser...
2025-11-27 00:05:04 [TestNG-test-OrangeHRM-Test-2] DEBUG BaseClass - Returning WebDriver instance.
2025-11-27 00:05:04 [TestNG-test-OrangeHRM-Test-2] INFO  BaseClass - Browser closed successfully.
2025-11-27 00:05:04 [TestNG-test-OrangeHRM-Test-2] INFO  BaseClass - Driver and ActionDriver instances reset to null.
2025-11-27 00:05:04 [TestNG-test-OrangeHRM-Test-5] DEBUG ActionDriver - Text entered successfully into: By.name: username
2025-11-27 00:05:04 [TestNG-test-OrangeHRM-Test-5] INFO  ActionDriver - Entering text 'admin123' into element: By.cssSelector: input[type='password']
2025-11-27 00:05:04 [TestNG-test-OrangeHRM-Test-5] DEBUG ActionDriver - Waiting for element to be visible: By.cssSelector: input[type='password']
2025-11-27 00:05:04 [TestNG-test-OrangeHRM-Test-3] DEBUG BaseClass - Static wait for 2 seconds before proceeding...
2025-11-27 00:05:04 [TestNG-test-OrangeHRM-Test-3] DEBUG BaseClass - Static wait for 2 seconds.
2025-11-27 00:05:04 [TestNG-test-OrangeHRM-Test-5] DEBUG ActionDriver - Text entered successfully into: By.cssSelector: input[type='password']
2025-11-27 00:05:05 [TestNG-test-OrangeHRM-Test-5] INFO  ActionDriver - Clicking element: Element classname: oxd-button oxd-button--medium oxd-button--main orangehrm-login-button
2025-11-27 00:05:05 [TestNG-test-OrangeHRM-Test-5] DEBUG ActionDriver - Waiting for element to be clickable: By.xpath: //button[text()=' Login ']
2025-11-27 00:05:05 [TestNG-test-OrangeHRM-Test-5] DEBUG ActionDriver - Click action completed for: By.xpath: //button[text()=' Login ']
2025-11-27 00:05:05 [TestNG-test-OrangeHRM-Test-5] INFO  ActionDriver - Checking visibility of element: By.xpath: //div[@class='oxd-brand-banner']//img
2025-11-27 00:05:05 [TestNG-test-OrangeHRM-Test-5] DEBUG ActionDriver - Waiting for element to be visible: By.xpath: //div[@class='oxd-brand-banner']//img
2025-11-27 00:05:05 [TestNG-test-OrangeHRM-Test-4] INFO  ActionDriver - Element is displayed: By.xpath: //span[text()='Admin']
2025-11-27 00:05:05 [TestNG-test-OrangeHRM-Test-4] INFO  ActionDriver - Clicking element: Element classname: oxd-userdropdown-name
2025-11-27 00:05:05 [TestNG-test-OrangeHRM-Test-4] DEBUG ActionDriver - Waiting for element to be clickable: By.className: oxd-userdropdown-name
2025-11-27 00:05:05 [TestNG-test-OrangeHRM-Test-4] DEBUG ActionDriver - Click action completed for: By.className: oxd-userdropdown-name
2025-11-27 00:05:05 [TestNG-test-OrangeHRM-Test-4] INFO  ActionDriver - Clicking element: Element classname: oxd-userdropdown-link
2025-11-27 00:05:05 [TestNG-test-OrangeHRM-Test-4] DEBUG ActionDriver - Waiting for element to be clickable: By.xpath: //a[text()='Logout']
2025-11-27 00:05:06 [TestNG-test-OrangeHRM-Test-3] INFO  BaseClass - WebDriver initialized and browser launched successfully.
2025-11-27 00:05:06 [TestNG-test-OrangeHRM-Test-3] DEBUG BaseClass - Returning WebDriver instance.
2025-11-27 00:05:06 [TestNG-test-OrangeHRM-Test-3] DEBUG BaseClass - Fetching Properties object.
2025-11-27 00:05:06 [TestNG-test-OrangeHRM-Test-3] INFO  ActionDriver - ActionDriver initialized with explicit wait: 30 seconds
2025-11-27 00:05:06 [TestNG-test-OrangeHRM-Test-3] INFO  BaseClass - Action Driver initialized for thread :39
2025-11-27 00:05:06 [TestNG-test-OrangeHRM-Test-3] DEBUG BaseClass - Returning WebDriver instance.
2025-11-27 00:05:06 [TestNG-test-OrangeHRM-Test-3] DEBUG BaseClass - Returning ActionDriver instance.
2025-11-27 00:05:06 [TestNG-test-OrangeHRM-Test-3] DEBUG BaseClass - Returning WebDriver instance.
2025-11-27 00:05:06 [TestNG-test-OrangeHRM-Test-3] DEBUG BaseClass - Returning ActionDriver instance.
2025-11-27 00:05:06 [TestNG-test-OrangeHRM-Test-3] INFO  ActionDriver - Entering text 'admin' into element: By.name: username
2025-11-27 00:05:06 [TestNG-test-OrangeHRM-Test-3] DEBUG ActionDriver - Waiting for element to be visible: By.name: username
2025-11-27 00:05:06 [TestNG-test-OrangeHRM-Test-5] INFO  ActionDriver - Element is displayed: By.xpath: //div[@class='oxd-brand-banner']//img
2025-11-27 00:05:06 [TestNG-test-OrangeHRM-Test-5] INFO  BaseClass - Test execution completed. Starting teardown...
2025-11-27 00:05:06 [TestNG-test-OrangeHRM-Test-5] DEBUG BaseClass - Returning WebDriver instance.
2025-11-27 00:05:06 [TestNG-test-OrangeHRM-Test-5] DEBUG BaseClass - Closing browser...
2025-11-27 00:05:06 [TestNG-test-OrangeHRM-Test-5] DEBUG BaseClass - Returning WebDriver instance.
2025-11-27 00:05:07 [TestNG-test-OrangeHRM-Test-3] DEBUG ActionDriver - Text entered successfully into: By.name: username
2025-11-27 00:05:07 [TestNG-test-OrangeHRM-Test-3] INFO  ActionDriver - Entering text 'admin13' into element: By.cssSelector: input[type='password']
2025-11-27 00:05:07 [TestNG-test-OrangeHRM-Test-3] DEBUG ActionDriver - Waiting for element to be visible: By.cssSelector: input[type='password']
2025-11-27 00:05:07 [TestNG-test-OrangeHRM-Test-5] INFO  BaseClass - Browser closed successfully.
2025-11-27 00:05:07 [TestNG-test-OrangeHRM-Test-5] INFO  BaseClass - Driver and ActionDriver instances reset to null.
2025-11-27 00:05:07 [TestNG-test-OrangeHRM-Test-3] DEBUG ActionDriver - Text entered successfully into: By.cssSelector: input[type='password']
2025-11-27 00:05:07 [TestNG-test-OrangeHRM-Test-3] INFO  ActionDriver - Clicking element: Element classname: oxd-button oxd-button--medium oxd-button--main orangehrm-login-button
2025-11-27 00:05:07 [TestNG-test-OrangeHRM-Test-3] DEBUG ActionDriver - Waiting for element to be clickable: By.xpath: //button[text()=' Login ']
2025-11-27 00:05:07 [TestNG-test-OrangeHRM-Test-3] DEBUG ActionDriver - Click action completed for: By.xpath: //button[text()=' Login ']
2025-11-27 00:05:07 [TestNG-test-OrangeHRM-Test-3] INFO  ActionDriver - Comparing text for element: By.xpath: //p[text()='Invalid credentials']
2025-11-27 00:05:07 [TestNG-test-OrangeHRM-Test-3] DEBUG ActionDriver - Waiting for element to be visible: By.xpath: //p[text()='Invalid credentials']
2025-11-27 00:05:07 [TestNG-test-OrangeHRM-Test-4] DEBUG ActionDriver - Click action completed for: By.xpath: //a[text()='Logout']
2025-11-27 00:05:07 [TestNG-test-OrangeHRM-Test-4] DEBUG BaseClass - Static wait for 2 seconds.
2025-11-27 00:05:08 [TestNG-test-OrangeHRM-Test-3] INFO  ActionDriver - Expected text matches actual text: 'Invalid credentials'
2025-11-27 00:05:08 [TestNG-test-OrangeHRM-Test-3] INFO  BaseClass - Test execution completed. Starting teardown...
2025-11-27 00:05:08 [TestNG-test-OrangeHRM-Test-3] DEBUG BaseClass - Returning WebDriver instance.
2025-11-27 00:05:08 [TestNG-test-OrangeHRM-Test-3] DEBUG BaseClass - Closing browser...
2025-11-27 00:05:08 [TestNG-test-OrangeHRM-Test-3] DEBUG BaseClass - Returning WebDriver instance.
2025-11-27 00:05:09 [TestNG-test-OrangeHRM-Test-3] INFO  BaseClass - Browser closed successfully.
2025-11-27 00:05:09 [TestNG-test-OrangeHRM-Test-3] INFO  BaseClass - Driver and ActionDriver instances reset to null.
2025-11-27 00:05:09 [TestNG-test-OrangeHRM-Test-4] INFO  BaseClass - Test execution completed. Starting teardown...
2025-11-27 00:05:09 [TestNG-test-OrangeHRM-Test-4] DEBUG BaseClass - Returning WebDriver instance.
2025-11-27 00:05:09 [TestNG-test-OrangeHRM-Test-4] DEBUG BaseClass - Closing browser...
2025-11-27 00:05:09 [TestNG-test-OrangeHRM-Test-4] DEBUG BaseClass - Returning WebDriver instance.
2025-11-27 00:05:09 [TestNG-test-OrangeHRM-Test-4] INFO  BaseClass - Browser closed successfully.
2025-11-27 00:05:09 [TestNG-test-OrangeHRM-Test-4] INFO  BaseClass - Driver and ActionDriver instances reset to null.
2025-11-27 23:03:35 [main] INFO  BaseClass - Initializing Properties file loading...
2025-11-27 23:03:35 [main] INFO  BaseClass - Properties file loaded successfully.
2025-11-27 23:03:35 [TestNG-test-OrangeHRM-Test-2] INFO  BaseClass - Test Setup started...
2025-11-27 23:03:35 [TestNG-test-OrangeHRM-Test-3] INFO  BaseClass - Test Setup started...
2025-11-27 23:03:35 [TestNG-test-OrangeHRM-Test-5] INFO  BaseClass - Test Setup started...
2025-11-27 23:03:35 [TestNG-test-OrangeHRM-Test-1] INFO  BaseClass - Test Setup started...
2025-11-27 23:03:35 [TestNG-test-OrangeHRM-Test-1] INFO  BaseClass - Launching browser: firefox
2025-11-27 23:03:35 [TestNG-test-OrangeHRM-Test-5] INFO  BaseClass - Launching browser: firefox
2025-11-27 23:03:35 [TestNG-test-OrangeHRM-Test-2] INFO  BaseClass - Launching browser: firefox
2025-11-27 23:03:35 [TestNG-test-OrangeHRM-Test-3] INFO  BaseClass - Launching browser: firefox
2025-11-27 23:03:35 [TestNG-test-OrangeHRM-Test-5] DEBUG BaseClass - Initializing FirefoxDriver...
2025-11-27 23:03:35 [TestNG-test-OrangeHRM-Test-1] DEBUG BaseClass - Initializing FirefoxDriver...
2025-11-27 23:03:35 [TestNG-test-OrangeHRM-Test-3] DEBUG BaseClass - Initializing FirefoxDriver...
2025-11-27 23:03:35 [TestNG-test-OrangeHRM-Test-2] DEBUG BaseClass - Initializing FirefoxDriver...
2025-11-27 23:03:51 [TestNG-test-OrangeHRM-Test-2] INFO  BaseClass - firefox browser launched successfully.
2025-11-27 23:03:51 [TestNG-test-OrangeHRM-Test-2] INFO  BaseClass - Configuring browser settings...
2025-11-27 23:03:51 [TestNG-test-OrangeHRM-Test-1] INFO  BaseClass - firefox browser launched successfully.
2025-11-27 23:03:51 [TestNG-test-OrangeHRM-Test-2] DEBUG BaseClass - Applying implicit wait: 10 seconds
2025-11-27 23:03:51 [TestNG-test-OrangeHRM-Test-1] INFO  BaseClass - Configuring browser settings...
2025-11-27 23:03:51 [TestNG-test-OrangeHRM-Test-2] DEBUG BaseClass - Returning WebDriver instance.
2025-11-27 23:03:51 [TestNG-test-OrangeHRM-Test-1] DEBUG BaseClass - Applying implicit wait: 10 seconds
2025-11-27 23:03:51 [TestNG-test-OrangeHRM-Test-1] DEBUG BaseClass - Returning WebDriver instance.
2025-11-27 23:03:51 [TestNG-test-OrangeHRM-Test-1] DEBUG BaseClass - Maximizing browser window...
2025-11-27 23:03:51 [TestNG-test-OrangeHRM-Test-2] DEBUG BaseClass - Maximizing browser window...
2025-11-27 23:03:51 [TestNG-test-OrangeHRM-Test-1] DEBUG BaseClass - Returning WebDriver instance.
2025-11-27 23:03:51 [TestNG-test-OrangeHRM-Test-2] DEBUG BaseClass - Returning WebDriver instance.
2025-11-27 23:03:51 [TestNG-test-OrangeHRM-Test-2] INFO  BaseClass - Navigating to URL: https://opensource-demo.orangehrmlive.com/web/index.php/auth/login
2025-11-27 23:03:51 [TestNG-test-OrangeHRM-Test-1] INFO  BaseClass - Navigating to URL: https://opensource-demo.orangehrmlive.com/web/index.php/auth/login
2025-11-27 23:03:51 [TestNG-test-OrangeHRM-Test-1] DEBUG BaseClass - Returning WebDriver instance.
2025-11-27 23:03:51 [TestNG-test-OrangeHRM-Test-2] DEBUG BaseClass - Returning WebDriver instance.
2025-11-27 23:03:54 [TestNG-test-OrangeHRM-Test-5] INFO  BaseClass - firefox browser launched successfully.
2025-11-27 23:03:54 [TestNG-test-OrangeHRM-Test-3] INFO  BaseClass - firefox browser launched successfully.
2025-11-27 23:03:54 [TestNG-test-OrangeHRM-Test-3] INFO  BaseClass - Configuring browser settings...
2025-11-27 23:03:54 [TestNG-test-OrangeHRM-Test-5] INFO  BaseClass - Configuring browser settings...
2025-11-27 23:03:54 [TestNG-test-OrangeHRM-Test-3] DEBUG BaseClass - Applying implicit wait: 10 seconds
2025-11-27 23:03:54 [TestNG-test-OrangeHRM-Test-5] DEBUG BaseClass - Applying implicit wait: 10 seconds
2025-11-27 23:03:54 [TestNG-test-OrangeHRM-Test-5] DEBUG BaseClass - Returning WebDriver instance.
2025-11-27 23:03:54 [TestNG-test-OrangeHRM-Test-3] DEBUG BaseClass - Returning WebDriver instance.
2025-11-27 23:03:54 [TestNG-test-OrangeHRM-Test-3] DEBUG BaseClass - Maximizing browser window...
2025-11-27 23:03:54 [TestNG-test-OrangeHRM-Test-3] DEBUG BaseClass - Returning WebDriver instance.
2025-11-27 23:03:54 [TestNG-test-OrangeHRM-Test-3] INFO  BaseClass - Navigating to URL: https://opensource-demo.orangehrmlive.com/web/index.php/auth/login
2025-11-27 23:03:54 [TestNG-test-OrangeHRM-Test-3] DEBUG BaseClass - Returning WebDriver instance.
2025-11-27 23:03:54 [TestNG-test-OrangeHRM-Test-5] DEBUG BaseClass - Maximizing browser window...
2025-11-27 23:03:54 [TestNG-test-OrangeHRM-Test-5] DEBUG BaseClass - Returning WebDriver instance.
2025-11-27 23:03:54 [TestNG-test-OrangeHRM-Test-5] INFO  BaseClass - Navigating to URL: https://opensource-demo.orangehrmlive.com/web/index.php/auth/login
2025-11-27 23:03:54 [TestNG-test-OrangeHRM-Test-5] DEBUG BaseClass - Returning WebDriver instance.
2025-11-27 23:03:58 [TestNG-test-OrangeHRM-Test-1] DEBUG BaseClass - Static wait for 2 seconds before proceeding...
2025-11-27 23:03:58 [TestNG-test-OrangeHRM-Test-1] DEBUG BaseClass - Static wait for 2 seconds.
2025-11-27 23:03:58 [TestNG-test-OrangeHRM-Test-5] DEBUG BaseClass - Static wait for 2 seconds before proceeding...
2025-11-27 23:03:58 [TestNG-test-OrangeHRM-Test-5] DEBUG BaseClass - Static wait for 2 seconds.
2025-11-27 23:03:58 [TestNG-test-OrangeHRM-Test-2] DEBUG BaseClass - Static wait for 2 seconds before proceeding...
2025-11-27 23:03:58 [TestNG-test-OrangeHRM-Test-2] DEBUG BaseClass - Static wait for 2 seconds.
2025-11-27 23:03:59 [TestNG-test-OrangeHRM-Test-3] DEBUG BaseClass - Static wait for 2 seconds before proceeding...
2025-11-27 23:04:00 [TestNG-test-OrangeHRM-Test-2] INFO  BaseClass - WebDriver initialized and browser launched successfully.
2025-11-27 23:04:00 [TestNG-test-OrangeHRM-Test-5] INFO  BaseClass - WebDriver initialized and browser launched successfully.
2025-11-27 23:04:00 [TestNG-test-OrangeHRM-Test-1] INFO  BaseClass - WebDriver initialized and browser launched successfully.
2025-11-27 23:07:39 [TestNG-test-OrangeHRM-Test-3] DEBUG BaseClass - Static wait for 2 seconds.
2025-11-27 23:07:39 [TestNG-test-OrangeHRM-Test-5] DEBUG BaseClass - Returning WebDriver instance.
2025-11-27 23:07:39 [TestNG-test-OrangeHRM-Test-1] DEBUG BaseClass - Returning WebDriver instance.
2025-11-27 23:07:39 [TestNG-test-OrangeHRM-Test-2] DEBUG BaseClass - Returning WebDriver instance.
2025-11-27 23:07:39 [TestNG-test-OrangeHRM-Test-5] DEBUG BaseClass - Fetching Properties object.
2025-11-27 23:07:39 [TestNG-test-OrangeHRM-Test-1] DEBUG BaseClass - Fetching Properties object.
2025-11-27 23:07:39 [TestNG-test-OrangeHRM-Test-2] DEBUG BaseClass - Fetching Properties object.
2025-11-27 23:07:39 [TestNG-test-OrangeHRM-Test-5] INFO  ActionDriver - ActionDriver initialized with explicit wait: 30 seconds
2025-11-27 23:07:39 [TestNG-test-OrangeHRM-Test-2] INFO  ActionDriver - ActionDriver initialized with explicit wait: 30 seconds
2025-11-27 23:07:39 [TestNG-test-OrangeHRM-Test-1] INFO  ActionDriver - ActionDriver initialized with explicit wait: 30 seconds
2025-11-27 23:07:39 [TestNG-test-OrangeHRM-Test-1] INFO  BaseClass - Action Driver initialized for thread :40
2025-11-27 23:07:39 [TestNG-test-OrangeHRM-Test-5] INFO  BaseClass - Action Driver initialized for thread :44
2025-11-27 23:07:39 [TestNG-test-OrangeHRM-Test-2] INFO  BaseClass - Action Driver initialized for thread :41
2025-11-27 23:07:39 [TestNG-test-OrangeHRM-Test-2] DEBUG BaseClass - Returning WebDriver instance.
2025-11-27 23:07:39 [TestNG-test-OrangeHRM-Test-1] DEBUG BaseClass - Returning WebDriver instance.
2025-11-27 23:07:39 [TestNG-test-OrangeHRM-Test-1] INFO  BaseClass - Test execution completed. Starting teardown...
2025-11-27 23:07:39 [TestNG-test-OrangeHRM-Test-2] INFO  BaseClass - Test execution completed. Starting teardown...
2025-11-27 23:07:39 [TestNG-test-OrangeHRM-Test-1] DEBUG BaseClass - Returning WebDriver instance.
2025-11-27 23:07:39 [TestNG-test-OrangeHRM-Test-2] DEBUG BaseClass - Returning WebDriver instance.
2025-11-27 23:07:39 [TestNG-test-OrangeHRM-Test-1] DEBUG BaseClass - Closing browser...
2025-11-27 23:07:39 [TestNG-test-OrangeHRM-Test-2] DEBUG BaseClass - Closing browser...
2025-11-27 23:07:39 [TestNG-test-OrangeHRM-Test-1] DEBUG BaseClass - Returning WebDriver instance.
2025-11-27 23:07:39 [TestNG-test-OrangeHRM-Test-2] DEBUG BaseClass - Returning WebDriver instance.
2025-11-27 23:07:40 [TestNG-test-OrangeHRM-Test-5] DEBUG BaseClass - Returning WebDriver instance.
2025-11-27 23:07:40 [TestNG-test-OrangeHRM-Test-5] DEBUG BaseClass - Returning ActionDriver instance.
2025-11-27 23:07:41 [TestNG-test-OrangeHRM-Test-5] DEBUG BaseClass - Returning WebDriver instance.
2025-11-27 23:07:41 [TestNG-test-OrangeHRM-Test-5] DEBUG BaseClass - Returning ActionDriver instance.
2025-11-27 23:07:41 [TestNG-test-OrangeHRM-Test-5] INFO  ActionDriver - Entering text 'admin' into element: By.name: username
2025-11-27 23:07:41 [TestNG-test-OrangeHRM-Test-5] DEBUG ActionDriver - Waiting for element to be visible: By.name: username
2025-11-27 23:07:41 [TestNG-test-OrangeHRM-Test-3] INFO  BaseClass - WebDriver initialized and browser launched successfully.
2025-11-27 23:07:41 [TestNG-test-OrangeHRM-Test-3] DEBUG BaseClass - Returning WebDriver instance.
2025-11-27 23:07:41 [TestNG-test-OrangeHRM-Test-3] DEBUG BaseClass - Fetching Properties object.
2025-11-27 23:07:41 [TestNG-test-OrangeHRM-Test-3] INFO  ActionDriver - ActionDriver initialized with explicit wait: 30 seconds
2025-11-27 23:07:41 [TestNG-test-OrangeHRM-Test-3] INFO  BaseClass - Action Driver initialized for thread :42
2025-11-27 23:07:41 [TestNG-test-OrangeHRM-Test-4] INFO  BaseClass - Test Setup started...
2025-11-27 23:07:41 [TestNG-test-OrangeHRM-Test-4] INFO  BaseClass - Launching browser: firefox
2025-11-27 23:07:41 [TestNG-test-OrangeHRM-Test-4] DEBUG BaseClass - Initializing FirefoxDriver...
2025-11-27 23:07:41 [TestNG-test-OrangeHRM-Test-3] DEBUG BaseClass - Returning WebDriver instance.
2025-11-27 23:07:41 [TestNG-test-OrangeHRM-Test-3] DEBUG BaseClass - Returning ActionDriver instance.
2025-11-27 23:07:41 [TestNG-test-OrangeHRM-Test-3] DEBUG BaseClass - Returning WebDriver instance.
2025-11-27 23:07:41 [TestNG-test-OrangeHRM-Test-3] DEBUG BaseClass - Returning ActionDriver instance.
2025-11-27 23:07:41 [TestNG-test-OrangeHRM-Test-3] INFO  ActionDriver - Entering text 'admin' into element: By.name: username
2025-11-27 23:07:41 [TestNG-test-OrangeHRM-Test-3] DEBUG ActionDriver - Waiting for element to be visible: By.name: username
2025-11-27 23:07:43 [TestNG-test-OrangeHRM-Test-5] DEBUG ActionDriver - Text entered successfully into: By.name: username
2025-11-27 23:07:43 [TestNG-test-OrangeHRM-Test-5] INFO  ActionDriver - Entering text 'admin123' into element: By.cssSelector: input[type='password']
2025-11-27 23:07:43 [TestNG-test-OrangeHRM-Test-5] DEBUG ActionDriver - Waiting for element to be visible: By.cssSelector: input[type='password']
2025-11-27 23:07:43 [TestNG-test-OrangeHRM-Test-3] DEBUG ActionDriver - Text entered successfully into: By.name: username
2025-11-27 23:07:43 [TestNG-test-OrangeHRM-Test-3] INFO  ActionDriver - Entering text 'admin13' into element: By.cssSelector: input[type='password']
2025-11-27 23:07:43 [TestNG-test-OrangeHRM-Test-3] DEBUG ActionDriver - Waiting for element to be visible: By.cssSelector: input[type='password']
2025-11-27 23:07:43 [TestNG-test-OrangeHRM-Test-5] DEBUG ActionDriver - Text entered successfully into: By.cssSelector: input[type='password']
2025-11-27 23:07:43 [TestNG-test-OrangeHRM-Test-3] DEBUG ActionDriver - Text entered successfully into: By.cssSelector: input[type='password']
2025-11-27 23:07:43 [TestNG-test-OrangeHRM-Test-5] INFO  ActionDriver - Clicking element: Element classname: oxd-button oxd-button--medium oxd-button--main orangehrm-login-button
2025-11-27 23:07:43 [TestNG-test-OrangeHRM-Test-5] DEBUG ActionDriver - Waiting for element to be clickable: By.xpath: //button[text()=' Login ']
2025-11-27 23:07:44 [TestNG-test-OrangeHRM-Test-3] INFO  ActionDriver - Clicking element: Element classname: oxd-button oxd-button--medium oxd-button--main orangehrm-login-button
2025-11-27 23:07:44 [TestNG-test-OrangeHRM-Test-3] DEBUG ActionDriver - Waiting for element to be clickable: By.xpath: //button[text()=' Login ']
2025-11-27 23:07:45 [TestNG-test-OrangeHRM-Test-5] DEBUG ActionDriver - Click action completed for: By.xpath: //button[text()=' Login ']
2025-11-27 23:07:45 [TestNG-test-OrangeHRM-Test-3] DEBUG ActionDriver - Click action completed for: By.xpath: //button[text()=' Login ']
2025-11-27 23:07:45 [TestNG-test-OrangeHRM-Test-5] INFO  ActionDriver - Checking visibility of element: By.xpath: //div[@class='oxd-brand-banner']//img
2025-11-27 23:07:45 [TestNG-test-OrangeHRM-Test-3] INFO  ActionDriver - Comparing text for element: By.xpath: //p[text()='Invalid credentials']
2025-11-27 23:07:45 [TestNG-test-OrangeHRM-Test-5] DEBUG ActionDriver - Waiting for element to be visible: By.xpath: //div[@class='oxd-brand-banner']//img
2025-11-27 23:07:45 [TestNG-test-OrangeHRM-Test-3] DEBUG ActionDriver - Waiting for element to be visible: By.xpath: //p[text()='Invalid credentials']
2025-11-27 23:07:52 [TestNG-test-OrangeHRM-Test-3] INFO  ActionDriver - Expected text matches actual text: 'Invalid credentials'
2025-11-27 23:07:52 [TestNG-test-OrangeHRM-Test-3] INFO  BaseClass - Test execution completed. Starting teardown...
2025-11-27 23:07:52 [TestNG-test-OrangeHRM-Test-3] DEBUG BaseClass - Returning WebDriver instance.
2025-11-27 23:07:52 [TestNG-test-OrangeHRM-Test-3] DEBUG BaseClass - Closing browser...
2025-11-27 23:07:52 [TestNG-test-OrangeHRM-Test-3] DEBUG BaseClass - Returning WebDriver instance.
2025-11-27 23:07:53 [TestNG-test-OrangeHRM-Test-5] INFO  ActionDriver - Element is displayed: By.xpath: //div[@class='oxd-brand-banner']//img
2025-11-27 23:07:53 [TestNG-test-OrangeHRM-Test-5] INFO  BaseClass - Test execution completed. Starting teardown...
2025-11-27 23:07:53 [TestNG-test-OrangeHRM-Test-5] DEBUG BaseClass - Returning WebDriver instance.
2025-11-27 23:07:53 [TestNG-test-OrangeHRM-Test-5] DEBUG BaseClass - Closing browser...
2025-11-27 23:07:53 [TestNG-test-OrangeHRM-Test-5] DEBUG BaseClass - Returning WebDriver instance.
2025-11-27 23:08:01 [TestNG-test-OrangeHRM-Test-2] INFO  BaseClass - Browser closed successfully.
2025-11-27 23:08:01 [TestNG-test-OrangeHRM-Test-2] INFO  BaseClass - Driver and ActionDriver instances reset to null.
2025-11-27 23:08:01 [TestNG-test-OrangeHRM-Test-1] INFO  BaseClass - Browser closed successfully.
2025-11-27 23:08:01 [TestNG-test-OrangeHRM-Test-1] INFO  BaseClass - Driver and ActionDriver instances reset to null.
2025-11-27 23:08:11 [TestNG-test-OrangeHRM-Test-5] INFO  BaseClass - Browser closed successfully.
2025-11-27 23:08:11 [TestNG-test-OrangeHRM-Test-5] INFO  BaseClass - Driver and ActionDriver instances reset to null.
2025-11-27 23:08:12 [TestNG-test-OrangeHRM-Test-3] INFO  BaseClass - Browser closed successfully.
2025-11-27 23:08:12 [TestNG-test-OrangeHRM-Test-3] INFO  BaseClass - Driver and ActionDriver instances reset to null.
2025-11-27 23:08:48 [TestNG-test-OrangeHRM-Test-4] INFO  BaseClass - firefox browser launched successfully.
2025-11-27 23:08:48 [TestNG-test-OrangeHRM-Test-4] INFO  BaseClass - Configuring browser settings...
2025-11-27 23:08:48 [TestNG-test-OrangeHRM-Test-4] DEBUG BaseClass - Applying implicit wait: 10 seconds
2025-11-27 23:08:48 [TestNG-test-OrangeHRM-Test-4] DEBUG BaseClass - Returning WebDriver instance.
2025-11-27 23:08:48 [TestNG-test-OrangeHRM-Test-4] DEBUG BaseClass - Maximizing browser window...
2025-11-27 23:08:48 [TestNG-test-OrangeHRM-Test-4] DEBUG BaseClass - Returning WebDriver instance.
2025-11-27 23:08:48 [TestNG-test-OrangeHRM-Test-4] INFO  BaseClass - Navigating to URL: https://opensource-demo.orangehrmlive.com/web/index.php/auth/login
2025-11-27 23:08:48 [TestNG-test-OrangeHRM-Test-4] DEBUG BaseClass - Returning WebDriver instance.
2025-11-27 23:08:53 [TestNG-test-OrangeHRM-Test-4] DEBUG BaseClass - Static wait for 2 seconds before proceeding...
2025-11-27 23:08:53 [TestNG-test-OrangeHRM-Test-4] DEBUG BaseClass - Static wait for 2 seconds.
2025-11-27 23:08:55 [TestNG-test-OrangeHRM-Test-4] INFO  BaseClass - WebDriver initialized and browser launched successfully.
2025-11-27 23:08:55 [TestNG-test-OrangeHRM-Test-4] DEBUG BaseClass - Returning WebDriver instance.
2025-11-27 23:08:55 [TestNG-test-OrangeHRM-Test-4] DEBUG BaseClass - Fetching Properties object.
2025-11-27 23:08:55 [TestNG-test-OrangeHRM-Test-4] INFO  ActionDriver - ActionDriver initialized with explicit wait: 30 seconds
2025-11-27 23:08:55 [TestNG-test-OrangeHRM-Test-4] INFO  BaseClass - Action Driver initialized for thread :43
2025-11-27 23:08:55 [TestNG-test-OrangeHRM-Test-4] DEBUG BaseClass - Returning WebDriver instance.
2025-11-27 23:08:55 [TestNG-test-OrangeHRM-Test-4] DEBUG BaseClass - Returning ActionDriver instance.
2025-11-27 23:08:55 [TestNG-test-OrangeHRM-Test-4] DEBUG BaseClass - Returning WebDriver instance.
2025-11-27 23:08:55 [TestNG-test-OrangeHRM-Test-4] DEBUG BaseClass - Returning ActionDriver instance.
2025-11-27 23:08:55 [TestNG-test-OrangeHRM-Test-4] INFO  ActionDriver - Entering text 'admin' into element: By.name: username
2025-11-27 23:08:55 [TestNG-test-OrangeHRM-Test-4] DEBUG ActionDriver - Waiting for element to be visible: By.name: username
2025-11-27 23:08:55 [TestNG-test-OrangeHRM-Test-4] DEBUG ActionDriver - Text entered successfully into: By.name: username
2025-11-27 23:08:55 [TestNG-test-OrangeHRM-Test-4] INFO  ActionDriver - Entering text 'admin123' into element: By.cssSelector: input[type='password']
2025-11-27 23:08:55 [TestNG-test-OrangeHRM-Test-4] DEBUG ActionDriver - Waiting for element to be visible: By.cssSelector: input[type='password']
2025-11-27 23:08:56 [TestNG-test-OrangeHRM-Test-4] DEBUG ActionDriver - Text entered successfully into: By.cssSelector: input[type='password']
2025-11-27 23:08:56 [TestNG-test-OrangeHRM-Test-4] INFO  ActionDriver - Clicking element: Element classname: oxd-button oxd-button--medium oxd-button--main orangehrm-login-button
2025-11-27 23:08:56 [TestNG-test-OrangeHRM-Test-4] DEBUG ActionDriver - Waiting for element to be clickable: By.xpath: //button[text()=' Login ']
2025-11-27 23:08:58 [TestNG-test-OrangeHRM-Test-4] DEBUG ActionDriver - Click action completed for: By.xpath: //button[text()=' Login ']
2025-11-27 23:08:58 [TestNG-test-OrangeHRM-Test-4] INFO  ActionDriver - Checking visibility of element: By.xpath: //span[text()='Admin']
2025-11-27 23:08:58 [TestNG-test-OrangeHRM-Test-4] DEBUG ActionDriver - Waiting for element to be visible: By.xpath: //span[text()='Admin']
2025-11-27 23:08:59 [TestNG-test-OrangeHRM-Test-4] INFO  ActionDriver - Element is displayed: By.xpath: //span[text()='Admin']
2025-11-27 23:08:59 [TestNG-test-OrangeHRM-Test-4] INFO  ActionDriver - Clicking element: Element classname: oxd-userdropdown-name
2025-11-27 23:08:59 [TestNG-test-OrangeHRM-Test-4] DEBUG ActionDriver - Waiting for element to be clickable: By.className: oxd-userdropdown-name
2025-11-27 23:08:59 [TestNG-test-OrangeHRM-Test-4] DEBUG ActionDriver - Click action completed for: By.className: oxd-userdropdown-name
2025-11-27 23:08:59 [TestNG-test-OrangeHRM-Test-4] INFO  ActionDriver - Clicking element: Element classname: oxd-userdropdown-link
2025-11-27 23:08:59 [TestNG-test-OrangeHRM-Test-4] DEBUG ActionDriver - Waiting for element to be clickable: By.xpath: //a[text()='Logout']
2025-11-27 23:09:01 [TestNG-test-OrangeHRM-Test-4] DEBUG ActionDriver - Click action completed for: By.xpath: //a[text()='Logout']
2025-11-27 23:09:01 [TestNG-test-OrangeHRM-Test-4] DEBUG BaseClass - Static wait for 2 seconds.
2025-11-27 23:09:03 [TestNG-test-OrangeHRM-Test-4] INFO  BaseClass - Test execution completed. Starting teardown...
2025-11-27 23:09:03 [TestNG-test-OrangeHRM-Test-4] DEBUG BaseClass - Returning WebDriver instance.
2025-11-27 23:09:03 [TestNG-test-OrangeHRM-Test-4] DEBUG BaseClass - Closing browser...
2025-11-27 23:09:03 [TestNG-test-OrangeHRM-Test-4] DEBUG BaseClass - Returning WebDriver instance.
2025-11-27 23:09:04 [TestNG-test-OrangeHRM-Test-4] INFO  BaseClass - Browser closed successfully.
2025-11-27 23:09:04 [TestNG-test-OrangeHRM-Test-4] INFO  BaseClass - Driver and ActionDriver instances reset to null.
2025-11-28 00:20:29 [main] INFO  BaseClass - Initializing Properties file loading...
2025-11-28 00:20:30 [main] INFO  BaseClass - Properties file loaded successfully.
2025-11-28 00:20:30 [TestNG-test-OrangeHRM-Test-2] INFO  BaseClass - Test Setup started...
2025-11-28 00:20:30 [TestNG-test-OrangeHRM-Test-5] INFO  BaseClass - Test Setup started...
2025-11-28 00:20:30 [TestNG-test-OrangeHRM-Test-3] INFO  BaseClass - Test Setup started...
2025-11-28 00:20:30 [TestNG-test-OrangeHRM-Test-1] INFO  BaseClass - Test Setup started...
2025-11-28 00:20:30 [TestNG-test-OrangeHRM-Test-1] INFO  BaseClass - Launching browser: chrome
2025-11-28 00:20:30 [TestNG-test-OrangeHRM-Test-3] INFO  BaseClass - Launching browser: chrome
2025-11-28 00:20:30 [TestNG-test-OrangeHRM-Test-5] INFO  BaseClass - Launching browser: chrome
2025-11-28 00:20:30 [TestNG-test-OrangeHRM-Test-1] DEBUG BaseClass - Initializing ChromeDriver...
2025-11-28 00:20:30 [TestNG-test-OrangeHRM-Test-2] INFO  BaseClass - Launching browser: chrome
2025-11-28 00:20:30 [TestNG-test-OrangeHRM-Test-3] DEBUG BaseClass - Initializing ChromeDriver...
2025-11-28 00:20:30 [TestNG-test-OrangeHRM-Test-2] DEBUG BaseClass - Initializing ChromeDriver...
2025-11-28 00:20:30 [TestNG-test-OrangeHRM-Test-5] DEBUG BaseClass - Initializing ChromeDriver...
2025-11-28 00:21:01 [TestNG-test-OrangeHRM-Test-1] DEBUG BaseClass - Returning WebDriver instance.
2025-11-28 00:21:01 [TestNG-test-OrangeHRM-Test-3] DEBUG BaseClass - Returning WebDriver instance.
2025-11-28 00:21:01 [TestNG-test-OrangeHRM-Test-1] INFO  BaseClass - chrome browser launched successfully.
2025-11-28 00:21:01 [TestNG-test-OrangeHRM-Test-1] INFO  BaseClass - Configuring browser settings...
2025-11-28 00:21:01 [TestNG-test-OrangeHRM-Test-3] INFO  BaseClass - chrome browser launched successfully.
2025-11-28 00:21:01 [TestNG-test-OrangeHRM-Test-1] DEBUG BaseClass - Applying implicit wait: 10 seconds
2025-11-28 00:21:01 [TestNG-test-OrangeHRM-Test-3] INFO  BaseClass - Configuring browser settings...
2025-11-28 00:21:01 [TestNG-test-OrangeHRM-Test-1] DEBUG BaseClass - Returning WebDriver instance.
2025-11-28 00:21:01 [TestNG-test-OrangeHRM-Test-3] DEBUG BaseClass - Applying implicit wait: 10 seconds
2025-11-28 00:21:01 [TestNG-test-OrangeHRM-Test-3] DEBUG BaseClass - Returning WebDriver instance.
2025-11-28 00:21:01 [TestNG-test-OrangeHRM-Test-3] DEBUG BaseClass - Maximizing browser window...
2025-11-28 00:21:01 [TestNG-test-OrangeHRM-Test-3] DEBUG BaseClass - Returning WebDriver instance.
2025-11-28 00:21:01 [TestNG-test-OrangeHRM-Test-1] DEBUG BaseClass - Maximizing browser window...
2025-11-28 00:21:01 [TestNG-test-OrangeHRM-Test-1] DEBUG BaseClass - Returning WebDriver instance.
2025-11-28 00:21:01 [TestNG-test-OrangeHRM-Test-5] DEBUG BaseClass - Returning WebDriver instance.
2025-11-28 00:21:01 [TestNG-test-OrangeHRM-Test-5] INFO  BaseClass - chrome browser launched successfully.
2025-11-28 00:21:01 [TestNG-test-OrangeHRM-Test-5] INFO  BaseClass - Configuring browser settings...
2025-11-28 00:21:01 [TestNG-test-OrangeHRM-Test-2] DEBUG BaseClass - Returning WebDriver instance.
2025-11-28 00:21:01 [TestNG-test-OrangeHRM-Test-5] DEBUG BaseClass - Applying implicit wait: 10 seconds
2025-11-28 00:21:01 [TestNG-test-OrangeHRM-Test-5] DEBUG BaseClass - Returning WebDriver instance.
2025-11-28 00:21:01 [TestNG-test-OrangeHRM-Test-2] INFO  BaseClass - chrome browser launched successfully.
2025-11-28 00:21:01 [TestNG-test-OrangeHRM-Test-2] INFO  BaseClass - Configuring browser settings...
2025-11-28 00:21:01 [TestNG-test-OrangeHRM-Test-2] DEBUG BaseClass - Applying implicit wait: 10 seconds
2025-11-28 00:21:01 [TestNG-test-OrangeHRM-Test-2] DEBUG BaseClass - Returning WebDriver instance.
2025-11-28 00:21:01 [TestNG-test-OrangeHRM-Test-5] DEBUG BaseClass - Maximizing browser window...
2025-11-28 00:21:01 [TestNG-test-OrangeHRM-Test-5] DEBUG BaseClass - Returning WebDriver instance.
2025-11-28 00:21:01 [TestNG-test-OrangeHRM-Test-2] DEBUG BaseClass - Maximizing browser window...
2025-11-28 00:21:01 [TestNG-test-OrangeHRM-Test-2] DEBUG BaseClass - Returning WebDriver instance.
2025-11-28 00:21:02 [TestNG-test-OrangeHRM-Test-2] INFO  BaseClass - Navigating to URL: https://opensource-demo.orangehrmlive.com/web/index.php/auth/login
2025-11-28 00:21:02 [TestNG-test-OrangeHRM-Test-2] DEBUG BaseClass - Returning WebDriver instance.
2025-11-28 00:21:02 [TestNG-test-OrangeHRM-Test-1] INFO  BaseClass - Navigating to URL: https://opensource-demo.orangehrmlive.com/web/index.php/auth/login
2025-11-28 00:21:02 [TestNG-test-OrangeHRM-Test-1] DEBUG BaseClass - Returning WebDriver instance.
2025-11-28 00:21:02 [TestNG-test-OrangeHRM-Test-5] INFO  BaseClass - Navigating to URL: https://opensource-demo.orangehrmlive.com/web/index.php/auth/login
2025-11-28 00:21:02 [TestNG-test-OrangeHRM-Test-5] DEBUG BaseClass - Returning WebDriver instance.
2025-11-28 00:21:02 [TestNG-test-OrangeHRM-Test-3] INFO  BaseClass - Navigating to URL: https://opensource-demo.orangehrmlive.com/web/index.php/auth/login
2025-11-28 00:21:02 [TestNG-test-OrangeHRM-Test-3] DEBUG BaseClass - Returning WebDriver instance.
2025-11-28 00:21:04 [TestNG-test-OrangeHRM-Test-2] DEBUG BaseClass - Static wait for 2 seconds before proceeding...
2025-11-28 00:21:04 [TestNG-test-OrangeHRM-Test-2] DEBUG BaseClass - Static wait for 2 seconds.
2025-11-28 00:21:05 [TestNG-test-OrangeHRM-Test-3] DEBUG BaseClass - Static wait for 2 seconds before proceeding...
2025-11-28 00:21:05 [TestNG-test-OrangeHRM-Test-3] DEBUG BaseClass - Static wait for 2 seconds.
2025-11-28 00:21:06 [TestNG-test-OrangeHRM-Test-5] DEBUG BaseClass - Static wait for 2 seconds before proceeding...
2025-11-28 00:21:06 [TestNG-test-OrangeHRM-Test-5] DEBUG BaseClass - Static wait for 2 seconds.
2025-11-28 00:21:06 [TestNG-test-OrangeHRM-Test-2] INFO  BaseClass - WebDriver initialized and browser launched successfully.
2025-11-28 00:21:06 [TestNG-test-OrangeHRM-Test-2] DEBUG BaseClass - Returning WebDriver instance.
2025-11-28 00:21:06 [TestNG-test-OrangeHRM-Test-2] DEBUG BaseClass - Fetching Properties object.
2025-11-28 00:21:06 [TestNG-test-OrangeHRM-Test-2] INFO  ActionDriver - ActionDriver initialized with explicit wait: 30 seconds
2025-11-28 00:21:06 [TestNG-test-OrangeHRM-Test-2] INFO  BaseClass - Action Driver initialized for thread :42
2025-11-28 00:21:06 [TestNG-test-OrangeHRM-Test-2] DEBUG BaseClass - Returning WebDriver instance.
2025-11-28 00:21:06 [TestNG-test-OrangeHRM-Test-2] INFO  BaseClass - Test execution completed. Starting teardown...
2025-11-28 00:21:06 [TestNG-test-OrangeHRM-Test-2] DEBUG BaseClass - Returning WebDriver instance.
2025-11-28 00:21:06 [TestNG-test-OrangeHRM-Test-2] DEBUG BaseClass - Closing browser...
2025-11-28 00:21:06 [TestNG-test-OrangeHRM-Test-2] DEBUG BaseClass - Returning WebDriver instance.
2025-11-28 00:21:07 [TestNG-test-OrangeHRM-Test-3] INFO  BaseClass - WebDriver initialized and browser launched successfully.
2025-11-28 00:21:07 [TestNG-test-OrangeHRM-Test-3] DEBUG BaseClass - Returning WebDriver instance.
2025-11-28 00:21:07 [TestNG-test-OrangeHRM-Test-3] DEBUG BaseClass - Fetching Properties object.
2025-11-28 00:21:07 [TestNG-test-OrangeHRM-Test-3] INFO  ActionDriver - ActionDriver initialized with explicit wait: 30 seconds
2025-11-28 00:21:07 [TestNG-test-OrangeHRM-Test-3] INFO  BaseClass - Action Driver initialized for thread :43
2025-11-28 00:21:07 [TestNG-test-OrangeHRM-Test-4] INFO  BaseClass - Test Setup started...
2025-11-28 00:21:07 [TestNG-test-OrangeHRM-Test-4] INFO  BaseClass - Launching browser: chrome
2025-11-28 00:21:07 [TestNG-test-OrangeHRM-Test-4] DEBUG BaseClass - Initializing ChromeDriver...
2025-11-28 00:21:08 [TestNG-test-OrangeHRM-Test-5] INFO  BaseClass - WebDriver initialized and browser launched successfully.
2025-11-28 00:21:08 [TestNG-test-OrangeHRM-Test-5] DEBUG BaseClass - Returning WebDriver instance.
2025-11-28 00:21:08 [TestNG-test-OrangeHRM-Test-5] DEBUG BaseClass - Fetching Properties object.
2025-11-28 00:21:08 [TestNG-test-OrangeHRM-Test-5] INFO  ActionDriver - ActionDriver initialized with explicit wait: 30 seconds
2025-11-28 00:21:08 [TestNG-test-OrangeHRM-Test-5] INFO  BaseClass - Action Driver initialized for thread :45
2025-11-28 00:21:08 [TestNG-test-OrangeHRM-Test-3] DEBUG BaseClass - Returning WebDriver instance.
2025-11-28 00:21:08 [TestNG-test-OrangeHRM-Test-3] DEBUG BaseClass - Returning ActionDriver instance.
2025-11-28 00:21:26 [TestNG-test-OrangeHRM-Test-5] DEBUG BaseClass - Returning WebDriver instance.
2025-11-28 00:21:26 [TestNG-test-OrangeHRM-Test-5] DEBUG BaseClass - Returning ActionDriver instance.
2025-11-28 00:21:21 [TestNG-test-OrangeHRM-Test-4] DEBUG BaseClass - Returning WebDriver instance.
2025-11-28 00:21:16 [TestNG-test-OrangeHRM-Test-2] INFO  BaseClass - Browser closed successfully.
2025-11-28 00:21:26 [TestNG-test-OrangeHRM-Test-4] INFO  BaseClass - chrome browser launched successfully.
2025-11-28 00:21:14 [TestNG-test-OrangeHRM-Test-1] DEBUG BaseClass - Static wait for 2 seconds before proceeding...
2025-11-28 00:21:26 [TestNG-test-OrangeHRM-Test-1] DEBUG BaseClass - Static wait for 2 seconds.
2025-11-28 00:21:26 [TestNG-test-OrangeHRM-Test-4] INFO  BaseClass - Configuring browser settings...
2025-11-28 00:21:26 [TestNG-test-OrangeHRM-Test-2] INFO  BaseClass - Driver and ActionDriver instances reset to null.
2025-11-28 00:21:26 [TestNG-test-OrangeHRM-Test-4] DEBUG BaseClass - Applying implicit wait: 10 seconds
2025-11-28 00:21:26 [TestNG-test-OrangeHRM-Test-4] DEBUG BaseClass - Returning WebDriver instance.
2025-11-28 00:21:26 [TestNG-test-OrangeHRM-Test-4] DEBUG BaseClass - Maximizing browser window...
2025-11-28 00:21:26 [TestNG-test-OrangeHRM-Test-4] DEBUG BaseClass - Returning WebDriver instance.
2025-11-28 00:21:27 [TestNG-test-OrangeHRM-Test-3] DEBUG BaseClass - Returning WebDriver instance.
2025-11-28 00:21:27 [TestNG-test-OrangeHRM-Test-5] DEBUG BaseClass - Returning WebDriver instance.
2025-11-28 00:21:27 [TestNG-test-OrangeHRM-Test-5] DEBUG BaseClass - Returning ActionDriver instance.
2025-11-28 00:21:27 [TestNG-test-OrangeHRM-Test-3] DEBUG BaseClass - Returning ActionDriver instance.
2025-11-28 00:21:27 [TestNG-test-OrangeHRM-Test-5] INFO  ActionDriver - Entering text 'admin' into element: By.name: username
2025-11-28 00:21:27 [TestNG-test-OrangeHRM-Test-5] DEBUG ActionDriver - Waiting for element to be visible: By.name: username
2025-11-28 00:21:27 [TestNG-test-OrangeHRM-Test-4] INFO  BaseClass - Navigating to URL: https://opensource-demo.orangehrmlive.com/web/index.php/auth/login
2025-11-28 00:21:27 [TestNG-test-OrangeHRM-Test-4] DEBUG BaseClass - Returning WebDriver instance.
2025-11-28 00:21:28 [TestNG-test-OrangeHRM-Test-3] INFO  BaseClass - Test execution completed. Starting teardown...
2025-11-28 00:21:28 [TestNG-test-OrangeHRM-Test-3] DEBUG BaseClass - Returning WebDriver instance.
2025-11-28 00:21:28 [TestNG-test-OrangeHRM-Test-3] DEBUG BaseClass - Closing browser...
2025-11-28 00:21:28 [TestNG-test-OrangeHRM-Test-3] DEBUG BaseClass - Returning WebDriver instance.
2025-11-28 00:21:28 [TestNG-test-OrangeHRM-Test-1] INFO  BaseClass - WebDriver initialized and browser launched successfully.
2025-11-28 00:21:28 [TestNG-test-OrangeHRM-Test-1] DEBUG BaseClass - Returning WebDriver instance.
2025-11-28 00:21:28 [TestNG-test-OrangeHRM-Test-1] DEBUG BaseClass - Fetching Properties object.
2025-11-28 00:21:28 [TestNG-test-OrangeHRM-Test-1] INFO  ActionDriver - ActionDriver initialized with explicit wait: 30 seconds
2025-11-28 00:21:28 [TestNG-test-OrangeHRM-Test-1] INFO  BaseClass - Action Driver initialized for thread :41
2025-11-28 00:21:28 [TestNG-test-OrangeHRM-Test-1] DEBUG BaseClass - Returning WebDriver instance.
2025-11-28 00:21:28 [TestNG-test-OrangeHRM-Test-5] INFO  BaseClass - Test execution completed. Starting teardown...
2025-11-28 00:21:28 [TestNG-test-OrangeHRM-Test-5] DEBUG BaseClass - Returning WebDriver instance.
2025-11-28 00:21:28 [TestNG-test-OrangeHRM-Test-5] DEBUG BaseClass - Closing browser...
2025-11-28 00:21:28 [TestNG-test-OrangeHRM-Test-5] DEBUG BaseClass - Returning WebDriver instance.
2025-11-28 00:21:28 [TestNG-test-OrangeHRM-Test-1] INFO  BaseClass - Test execution completed. Starting teardown...
2025-11-28 00:21:28 [TestNG-test-OrangeHRM-Test-1] DEBUG BaseClass - Returning WebDriver instance.
2025-11-28 00:21:28 [TestNG-test-OrangeHRM-Test-1] DEBUG BaseClass - Closing browser...
2025-11-28 00:21:28 [TestNG-test-OrangeHRM-Test-1] DEBUG BaseClass - Returning WebDriver instance.
2025-11-28 00:21:30 [TestNG-test-OrangeHRM-Test-4] DEBUG BaseClass - Static wait for 2 seconds before proceeding...
2025-11-28 00:21:30 [TestNG-test-OrangeHRM-Test-4] DEBUG BaseClass - Static wait for 2 seconds.
2025-11-28 00:21:31 [TestNG-test-OrangeHRM-Test-5] INFO  BaseClass - Browser closed successfully.
2025-11-28 00:21:31 [TestNG-test-OrangeHRM-Test-5] INFO  BaseClass - Driver and ActionDriver instances reset to null.
2025-11-28 00:21:31 [TestNG-test-OrangeHRM-Test-3] INFO  BaseClass - Browser closed successfully.
2025-11-28 00:21:31 [TestNG-test-OrangeHRM-Test-1] INFO  BaseClass - Browser closed successfully.
2025-11-28 00:21:31 [TestNG-test-OrangeHRM-Test-1] INFO  BaseClass - Driver and ActionDriver instances reset to null.
2025-11-28 00:21:31 [TestNG-test-OrangeHRM-Test-3] INFO  BaseClass - Driver and ActionDriver instances reset to null.
2025-11-28 00:21:32 [TestNG-test-OrangeHRM-Test-4] INFO  BaseClass - WebDriver initialized and browser launched successfully.
2025-11-28 00:21:32 [TestNG-test-OrangeHRM-Test-4] DEBUG BaseClass - Returning WebDriver instance.
2025-11-28 00:21:32 [TestNG-test-OrangeHRM-Test-4] DEBUG BaseClass - Fetching Properties object.
2025-11-28 00:21:33 [TestNG-test-OrangeHRM-Test-4] INFO  ActionDriver - ActionDriver initialized with explicit wait: 30 seconds
2025-11-28 00:21:33 [TestNG-test-OrangeHRM-Test-4] INFO  BaseClass - Action Driver initialized for thread :44
2025-11-28 00:21:33 [TestNG-test-OrangeHRM-Test-4] DEBUG BaseClass - Returning WebDriver instance.
2025-11-28 00:21:33 [TestNG-test-OrangeHRM-Test-4] DEBUG BaseClass - Returning ActionDriver instance.
2025-11-28 00:21:33 [TestNG-test-OrangeHRM-Test-4] DEBUG BaseClass - Returning WebDriver instance.
2025-11-28 00:21:33 [TestNG-test-OrangeHRM-Test-4] DEBUG BaseClass - Returning ActionDriver instance.
2025-11-28 00:21:33 [TestNG-test-OrangeHRM-Test-4] INFO  BaseClass - Test execution completed. Starting teardown...
2025-11-28 00:21:33 [TestNG-test-OrangeHRM-Test-4] DEBUG BaseClass - Returning WebDriver instance.
2025-11-28 00:21:33 [TestNG-test-OrangeHRM-Test-4] DEBUG BaseClass - Closing browser...
2025-11-28 00:21:33 [TestNG-test-OrangeHRM-Test-4] DEBUG BaseClass - Returning WebDriver instance.
2025-11-28 00:21:35 [TestNG-test-OrangeHRM-Test-4] INFO  BaseClass - Browser closed successfully.
2025-11-28 00:21:35 [TestNG-test-OrangeHRM-Test-4] INFO  BaseClass - Driver and ActionDriver instances reset to null.
2025-11-28 00:27:09 [main] INFO  BaseClass - Initializing Properties file loading...
2025-11-28 00:27:09 [main] INFO  BaseClass - Properties file loaded successfully.
2025-12-01 14:58:02 [main] INFO  BaseClass - Initializing Properties file loading...
2025-12-01 14:58:03 [main] INFO  BaseClass - Properties file loaded successfully.
2025-12-01 15:02:17 [main] INFO  BaseClass - Initializing Properties file loading...
2025-12-01 15:02:17 [main] INFO  BaseClass - Properties file loaded successfully.
2025-12-01 15:02:18 [TestNG-test-OrangeHRM-Test-1] INFO  BaseClass - Test Setup started...
2025-12-01 15:02:18 [TestNG-test-OrangeHRM-Test-2] INFO  BaseClass - Test Setup started...
2025-12-01 15:02:18 [TestNG-test-OrangeHRM-Test-3] INFO  BaseClass - Test Setup started...
2025-12-01 15:02:18 [TestNG-test-OrangeHRM-Test-5] INFO  BaseClass - Test Setup started...
2025-12-01 15:02:18 [TestNG-test-OrangeHRM-Test-3] INFO  BaseClass - Launching browser: chrome
2025-12-01 15:02:18 [TestNG-test-OrangeHRM-Test-2] INFO  BaseClass - Launching browser: chrome
2025-12-01 15:02:18 [TestNG-test-OrangeHRM-Test-5] INFO  BaseClass - Launching browser: chrome
2025-12-01 15:02:18 [TestNG-test-OrangeHRM-Test-5] DEBUG BaseClass - Initializing ChromeDriver...
2025-12-01 15:02:18 [TestNG-test-OrangeHRM-Test-1] INFO  BaseClass - Launching browser: chrome
2025-12-01 15:02:18 [TestNG-test-OrangeHRM-Test-2] DEBUG BaseClass - Initializing ChromeDriver...
2025-12-01 15:02:18 [TestNG-test-OrangeHRM-Test-3] DEBUG BaseClass - Initializing ChromeDriver...
2025-12-01 15:02:18 [TestNG-test-OrangeHRM-Test-1] DEBUG BaseClass - Initializing ChromeDriver...
2025-12-01 15:02:29 [TestNG-test-OrangeHRM-Test-3] DEBUG BaseClass - Returning WebDriver instance.
2025-12-01 15:02:29 [TestNG-test-OrangeHRM-Test-1] DEBUG BaseClass - Returning WebDriver instance.
2025-12-01 15:02:29 [TestNG-test-OrangeHRM-Test-3] INFO  BaseClass - chrome browser launched successfully.
2025-12-01 15:02:29 [TestNG-test-OrangeHRM-Test-2] DEBUG BaseClass - Returning WebDriver instance.
2025-12-01 15:02:29 [TestNG-test-OrangeHRM-Test-3] INFO  BaseClass - Configuring browser settings...
2025-12-01 15:02:29 [TestNG-test-OrangeHRM-Test-5] DEBUG BaseClass - Returning WebDriver instance.
2025-12-01 15:02:29 [TestNG-test-OrangeHRM-Test-1] INFO  BaseClass - chrome browser launched successfully.
2025-12-01 15:02:29 [TestNG-test-OrangeHRM-Test-2] INFO  BaseClass - chrome browser launched successfully.
2025-12-01 15:02:29 [TestNG-test-OrangeHRM-Test-5] INFO  BaseClass - chrome browser launched successfully.
2025-12-01 15:02:29 [TestNG-test-OrangeHRM-Test-2] INFO  BaseClass - Configuring browser settings...
2025-12-01 15:02:29 [TestNG-test-OrangeHRM-Test-5] INFO  BaseClass - Configuring browser settings...
2025-12-01 15:02:29 [TestNG-test-OrangeHRM-Test-2] DEBUG BaseClass - Applying implicit wait: 10 seconds
2025-12-01 15:02:29 [TestNG-test-OrangeHRM-Test-1] INFO  BaseClass - Configuring browser settings...
2025-12-01 15:02:29 [TestNG-test-OrangeHRM-Test-3] DEBUG BaseClass - Applying implicit wait: 10 seconds
2025-12-01 15:02:29 [TestNG-test-OrangeHRM-Test-5] DEBUG BaseClass - Applying implicit wait: 10 seconds
2025-12-01 15:02:29 [TestNG-test-OrangeHRM-Test-1] DEBUG BaseClass - Applying implicit wait: 10 seconds
2025-12-01 15:02:29 [TestNG-test-OrangeHRM-Test-2] DEBUG BaseClass - Returning WebDriver instance.
2025-12-01 15:02:29 [TestNG-test-OrangeHRM-Test-3] DEBUG BaseClass - Returning WebDriver instance.
2025-12-01 15:02:29 [TestNG-test-OrangeHRM-Test-1] DEBUG BaseClass - Returning WebDriver instance.
2025-12-01 15:02:29 [TestNG-test-OrangeHRM-Test-5] DEBUG BaseClass - Returning WebDriver instance.
2025-12-01 15:02:29 [TestNG-test-OrangeHRM-Test-3] DEBUG BaseClass - Maximizing browser window...
2025-12-01 15:02:29 [TestNG-test-OrangeHRM-Test-3] DEBUG BaseClass - Returning WebDriver instance.
2025-12-01 15:02:29 [TestNG-test-OrangeHRM-Test-1] DEBUG BaseClass - Maximizing browser window...
2025-12-01 15:02:29 [TestNG-test-OrangeHRM-Test-5] DEBUG BaseClass - Maximizing browser window...
2025-12-01 15:02:29 [TestNG-test-OrangeHRM-Test-1] DEBUG BaseClass - Returning WebDriver instance.
2025-12-01 15:02:29 [TestNG-test-OrangeHRM-Test-5] DEBUG BaseClass - Returning WebDriver instance.
2025-12-01 15:02:29 [TestNG-test-OrangeHRM-Test-2] DEBUG BaseClass - Maximizing browser window...
2025-12-01 15:02:29 [TestNG-test-OrangeHRM-Test-2] DEBUG BaseClass - Returning WebDriver instance.
2025-12-01 15:02:29 [TestNG-test-OrangeHRM-Test-2] INFO  BaseClass - Navigating to URL: https://opensource-demo.orangehrmlive.com/web/index.php/auth/login
2025-12-01 15:02:29 [TestNG-test-OrangeHRM-Test-2] DEBUG BaseClass - Returning WebDriver instance.
2025-12-01 15:02:29 [TestNG-test-OrangeHRM-Test-5] INFO  BaseClass - Navigating to URL: https://opensource-demo.orangehrmlive.com/web/index.php/auth/login
2025-12-01 15:02:29 [TestNG-test-OrangeHRM-Test-1] INFO  BaseClass - Navigating to URL: https://opensource-demo.orangehrmlive.com/web/index.php/auth/login
2025-12-01 15:02:29 [TestNG-test-OrangeHRM-Test-5] DEBUG BaseClass - Returning WebDriver instance.
2025-12-01 15:02:29 [TestNG-test-OrangeHRM-Test-1] DEBUG BaseClass - Returning WebDriver instance.
2025-12-01 15:02:29 [TestNG-test-OrangeHRM-Test-3] INFO  BaseClass - Navigating to URL: https://opensource-demo.orangehrmlive.com/web/index.php/auth/login
2025-12-01 15:02:29 [TestNG-test-OrangeHRM-Test-3] DEBUG BaseClass - Returning WebDriver instance.
2025-12-01 15:02:31 [TestNG-test-OrangeHRM-Test-2] DEBUG BaseClass - Static wait for 2 seconds before proceeding...
2025-12-01 15:02:31 [TestNG-test-OrangeHRM-Test-2] DEBUG BaseClass - Static wait for 2 seconds.
2025-12-01 15:02:31 [TestNG-test-OrangeHRM-Test-3] DEBUG BaseClass - Static wait for 2 seconds before proceeding...
2025-12-01 15:02:31 [TestNG-test-OrangeHRM-Test-3] DEBUG BaseClass - Static wait for 2 seconds.
2025-12-01 15:02:31 [TestNG-test-OrangeHRM-Test-5] DEBUG BaseClass - Static wait for 2 seconds before proceeding...
2025-12-01 15:02:31 [TestNG-test-OrangeHRM-Test-5] DEBUG BaseClass - Static wait for 2 seconds.
2025-12-01 15:02:31 [TestNG-test-OrangeHRM-Test-1] DEBUG BaseClass - Static wait for 2 seconds before proceeding...
2025-12-01 15:02:31 [TestNG-test-OrangeHRM-Test-1] DEBUG BaseClass - Static wait for 2 seconds.
2025-12-01 15:02:33 [TestNG-test-OrangeHRM-Test-2] INFO  BaseClass - WebDriver initialized and browser launched successfully.
2025-12-01 15:02:33 [TestNG-test-OrangeHRM-Test-2] DEBUG BaseClass - Returning WebDriver instance.
2025-12-01 15:02:33 [TestNG-test-OrangeHRM-Test-2] DEBUG BaseClass - Fetching Properties object.
2025-12-01 15:02:33 [TestNG-test-OrangeHRM-Test-2] INFO  ActionDriver - ActionDriver initialized with explicit wait: 30 seconds
2025-12-01 15:02:33 [TestNG-test-OrangeHRM-Test-2] INFO  BaseClass - Action Driver initialized for thread :37
2025-12-01 15:02:33 [TestNG-test-OrangeHRM-Test-2] DEBUG BaseClass - Returning WebDriver instance.
2025-12-01 15:02:33 [TestNG-test-OrangeHRM-Test-2] INFO  BaseClass - Test execution completed. Starting teardown...
2025-12-01 15:02:33 [TestNG-test-OrangeHRM-Test-2] DEBUG BaseClass - Returning WebDriver instance.
2025-12-01 15:02:33 [TestNG-test-OrangeHRM-Test-2] DEBUG BaseClass - Closing browser...
2025-12-01 15:02:33 [TestNG-test-OrangeHRM-Test-2] DEBUG BaseClass - Returning WebDriver instance.
2025-12-01 15:02:33 [TestNG-test-OrangeHRM-Test-3] INFO  BaseClass - WebDriver initialized and browser launched successfully.
2025-12-01 15:02:33 [TestNG-test-OrangeHRM-Test-3] DEBUG BaseClass - Returning WebDriver instance.
2025-12-01 15:02:33 [TestNG-test-OrangeHRM-Test-3] DEBUG BaseClass - Fetching Properties object.
2025-12-01 15:02:33 [TestNG-test-OrangeHRM-Test-3] INFO  ActionDriver - ActionDriver initialized with explicit wait: 30 seconds
2025-12-01 15:02:33 [TestNG-test-OrangeHRM-Test-3] INFO  BaseClass - Action Driver initialized for thread :38
2025-12-01 15:02:33 [TestNG-test-OrangeHRM-Test-4] INFO  BaseClass - Test Setup started...
2025-12-01 15:02:33 [TestNG-test-OrangeHRM-Test-4] INFO  BaseClass - Launching browser: chrome
2025-12-01 15:02:33 [TestNG-test-OrangeHRM-Test-4] DEBUG BaseClass - Initializing ChromeDriver...
2025-12-01 15:02:33 [TestNG-test-OrangeHRM-Test-2] INFO  BaseClass - Browser closed successfully.
2025-12-01 15:02:33 [TestNG-test-OrangeHRM-Test-2] INFO  BaseClass - Driver and ActionDriver instances reset to null.
2025-12-01 15:02:33 [TestNG-test-OrangeHRM-Test-3] DEBUG BaseClass - Returning WebDriver instance.
2025-12-01 15:02:33 [TestNG-test-OrangeHRM-Test-3] DEBUG BaseClass - Returning ActionDriver instance.
2025-12-01 15:02:33 [TestNG-test-OrangeHRM-Test-3] DEBUG BaseClass - Returning WebDriver instance.
2025-12-01 15:02:33 [TestNG-test-OrangeHRM-Test-3] DEBUG BaseClass - Returning ActionDriver instance.
2025-12-01 15:02:33 [TestNG-test-OrangeHRM-Test-5] INFO  BaseClass - WebDriver initialized and browser launched successfully.
2025-12-01 15:02:33 [TestNG-test-OrangeHRM-Test-5] DEBUG BaseClass - Returning WebDriver instance.
2025-12-01 15:02:33 [TestNG-test-OrangeHRM-Test-5] DEBUG BaseClass - Fetching Properties object.
2025-12-01 15:02:33 [TestNG-test-OrangeHRM-Test-5] INFO  ActionDriver - ActionDriver initialized with explicit wait: 30 seconds
2025-12-01 15:02:33 [TestNG-test-OrangeHRM-Test-5] INFO  BaseClass - Action Driver initialized for thread :40
2025-12-01 15:02:33 [TestNG-test-OrangeHRM-Test-5] DEBUG BaseClass - Returning WebDriver instance.
2025-12-01 15:02:33 [TestNG-test-OrangeHRM-Test-5] DEBUG BaseClass - Returning ActionDriver instance.
2025-12-01 15:02:33 [TestNG-test-OrangeHRM-Test-5] DEBUG BaseClass - Returning WebDriver instance.
2025-12-01 15:02:33 [TestNG-test-OrangeHRM-Test-5] DEBUG BaseClass - Returning ActionDriver instance.
2025-12-01 15:02:33 [TestNG-test-OrangeHRM-Test-1] INFO  BaseClass - WebDriver initialized and browser launched successfully.
2025-12-01 15:02:33 [TestNG-test-OrangeHRM-Test-1] DEBUG BaseClass - Returning WebDriver instance.
2025-12-01 15:02:33 [TestNG-test-OrangeHRM-Test-1] DEBUG BaseClass - Fetching Properties object.
2025-12-01 15:02:33 [TestNG-test-OrangeHRM-Test-1] INFO  ActionDriver - ActionDriver initialized with explicit wait: 30 seconds
2025-12-01 15:02:33 [TestNG-test-OrangeHRM-Test-1] INFO  BaseClass - Action Driver initialized for thread :36
2025-12-01 15:02:33 [TestNG-test-OrangeHRM-Test-1] DEBUG BaseClass - Returning WebDriver instance.
2025-12-01 15:02:33 [TestNG-test-OrangeHRM-Test-5] INFO  ActionDriver - Entering text 'admin' into element: By.name: username
2025-12-01 15:02:33 [TestNG-test-OrangeHRM-Test-5] DEBUG ActionDriver - Waiting for element to be visible: By.name: username
2025-12-01 15:02:33 [TestNG-test-OrangeHRM-Test-1] INFO  BaseClass - Test execution completed. Starting teardown...
2025-12-01 15:02:33 [TestNG-test-OrangeHRM-Test-1] DEBUG BaseClass - Returning WebDriver instance.
2025-12-01 15:02:33 [TestNG-test-OrangeHRM-Test-1] DEBUG BaseClass - Closing browser...
2025-12-01 15:02:33 [TestNG-test-OrangeHRM-Test-1] DEBUG BaseClass - Returning WebDriver instance.
2025-12-01 15:02:34 [TestNG-test-OrangeHRM-Test-1] INFO  BaseClass - Browser closed successfully.
2025-12-01 15:02:34 [TestNG-test-OrangeHRM-Test-1] INFO  BaseClass - Driver and ActionDriver instances reset to null.
2025-12-01 15:02:34 [TestNG-test-OrangeHRM-Test-3] INFO  BaseClass - Test execution completed. Starting teardown...
2025-12-01 15:02:34 [TestNG-test-OrangeHRM-Test-3] DEBUG BaseClass - Returning WebDriver instance.
2025-12-01 15:02:34 [TestNG-test-OrangeHRM-Test-3] DEBUG BaseClass - Closing browser...
2025-12-01 15:02:34 [TestNG-test-OrangeHRM-Test-3] DEBUG BaseClass - Returning WebDriver instance.
2025-12-01 15:02:34 [TestNG-test-OrangeHRM-Test-3] INFO  BaseClass - Browser closed successfully.
2025-12-01 15:02:34 [TestNG-test-OrangeHRM-Test-3] INFO  BaseClass - Driver and ActionDriver instances reset to null.
2025-12-01 15:02:35 [TestNG-test-OrangeHRM-Test-4] DEBUG BaseClass - Returning WebDriver instance.
2025-12-01 15:02:35 [TestNG-test-OrangeHRM-Test-4] INFO  BaseClass - chrome browser launched successfully.
2025-12-01 15:02:35 [TestNG-test-OrangeHRM-Test-4] INFO  BaseClass - Configuring browser settings...
2025-12-01 15:02:35 [TestNG-test-OrangeHRM-Test-4] DEBUG BaseClass - Applying implicit wait: 10 seconds
2025-12-01 15:02:35 [TestNG-test-OrangeHRM-Test-4] DEBUG BaseClass - Returning WebDriver instance.
2025-12-01 15:02:35 [TestNG-test-OrangeHRM-Test-4] DEBUG BaseClass - Maximizing browser window...
2025-12-01 15:02:35 [TestNG-test-OrangeHRM-Test-4] DEBUG BaseClass - Returning WebDriver instance.
2025-12-01 15:02:35 [TestNG-test-OrangeHRM-Test-4] INFO  BaseClass - Navigating to URL: https://opensource-demo.orangehrmlive.com/web/index.php/auth/login
2025-12-01 15:02:35 [TestNG-test-OrangeHRM-Test-4] DEBUG BaseClass - Returning WebDriver instance.
2025-12-01 15:02:36 [TestNG-test-OrangeHRM-Test-4] DEBUG BaseClass - Static wait for 2 seconds before proceeding...
2025-12-01 15:02:36 [TestNG-test-OrangeHRM-Test-4] DEBUG BaseClass - Static wait for 2 seconds.
2025-12-01 15:02:38 [TestNG-test-OrangeHRM-Test-4] INFO  BaseClass - WebDriver initialized and browser launched successfully.
2025-12-01 15:02:38 [TestNG-test-OrangeHRM-Test-4] DEBUG BaseClass - Returning WebDriver instance.
2025-12-01 15:02:38 [TestNG-test-OrangeHRM-Test-4] DEBUG BaseClass - Fetching Properties object.
2025-12-01 15:02:38 [TestNG-test-OrangeHRM-Test-4] INFO  ActionDriver - ActionDriver initialized with explicit wait: 30 seconds
2025-12-01 15:02:38 [TestNG-test-OrangeHRM-Test-4] INFO  BaseClass - Action Driver initialized for thread :39
2025-12-01 15:02:38 [TestNG-test-OrangeHRM-Test-4] DEBUG BaseClass - Returning WebDriver instance.
2025-12-01 15:02:38 [TestNG-test-OrangeHRM-Test-4] DEBUG BaseClass - Returning ActionDriver instance.
2025-12-01 15:02:38 [TestNG-test-OrangeHRM-Test-4] DEBUG BaseClass - Returning WebDriver instance.
2025-12-01 15:02:38 [TestNG-test-OrangeHRM-Test-4] DEBUG BaseClass - Returning ActionDriver instance.
2025-12-01 15:02:38 [TestNG-test-OrangeHRM-Test-4] INFO  BaseClass - Test execution completed. Starting teardown...
2025-12-01 15:02:38 [TestNG-test-OrangeHRM-Test-4] DEBUG BaseClass - Returning WebDriver instance.
2025-12-01 15:02:38 [TestNG-test-OrangeHRM-Test-4] DEBUG BaseClass - Closing browser...
2025-12-01 15:02:38 [TestNG-test-OrangeHRM-Test-4] DEBUG BaseClass - Returning WebDriver instance.
2025-12-01 15:02:38 [TestNG-test-OrangeHRM-Test-4] INFO  BaseClass - Browser closed successfully.
2025-12-01 15:02:38 [TestNG-test-OrangeHRM-Test-4] INFO  BaseClass - Driver and ActionDriver instances reset to null.
2025-12-01 15:03:05 [TestNG-test-OrangeHRM-Test-5] INFO  BaseClass - Test execution completed. Starting teardown...
2025-12-01 15:03:05 [TestNG-test-OrangeHRM-Test-5] DEBUG BaseClass - Returning WebDriver instance.
2025-12-01 15:03:05 [TestNG-test-OrangeHRM-Test-5] DEBUG BaseClass - Closing browser...
2025-12-01 15:03:05 [TestNG-test-OrangeHRM-Test-5] DEBUG BaseClass - Returning WebDriver instance.
2025-12-01 15:03:05 [TestNG-test-OrangeHRM-Test-5] INFO  BaseClass - Browser closed successfully.
2025-12-01 15:03:05 [TestNG-test-OrangeHRM-Test-5] INFO  BaseClass - Driver and ActionDriver instances reset to null.
2025-12-02 22:25:02 [main] INFO  BaseClass - Initializing Properties file loading...
2025-12-02 22:25:03 [main] INFO  BaseClass - Properties file loaded successfully.
2025-12-02 22:25:03 [TestNG-test-OrangeHRM-Test-3] INFO  BaseClass - Test Setup started...
2025-12-02 22:25:03 [TestNG-test-OrangeHRM-Test-1] INFO  BaseClass - Test Setup started...
2025-12-02 22:25:03 [TestNG-test-OrangeHRM-Test-5] INFO  BaseClass - Test Setup started...
2025-12-02 22:25:03 [TestNG-test-OrangeHRM-Test-2] INFO  BaseClass - Test Setup started...
2025-12-02 22:25:03 [TestNG-test-OrangeHRM-Test-5] INFO  BaseClass - Launching browser: chrome
2025-12-02 22:25:03 [TestNG-test-OrangeHRM-Test-2] INFO  BaseClass - Launching browser: chrome
2025-12-02 22:25:03 [TestNG-test-OrangeHRM-Test-1] INFO  BaseClass - Launching browser: chrome
2025-12-02 22:25:03 [TestNG-test-OrangeHRM-Test-3] INFO  BaseClass - Launching browser: chrome
2025-12-02 22:25:03 [TestNG-test-OrangeHRM-Test-1] DEBUG BaseClass - Initializing ChromeDriver...
2025-12-02 22:25:03 [TestNG-test-OrangeHRM-Test-5] DEBUG BaseClass - Initializing ChromeDriver...
2025-12-02 22:25:03 [TestNG-test-OrangeHRM-Test-3] DEBUG BaseClass - Initializing ChromeDriver...
2025-12-02 22:25:03 [TestNG-test-OrangeHRM-Test-2] DEBUG BaseClass - Initializing ChromeDriver...
2025-12-02 22:25:48 [TestNG-test-OrangeHRM-Test-2] DEBUG BaseClass - Returning WebDriver instance.
2025-12-02 22:25:48 [TestNG-test-OrangeHRM-Test-5] DEBUG BaseClass - Returning WebDriver instance.
2025-12-02 22:25:48 [TestNG-test-OrangeHRM-Test-1] DEBUG BaseClass - Returning WebDriver instance.
2025-12-02 22:25:48 [TestNG-test-OrangeHRM-Test-2] INFO  BaseClass - chrome browser launched successfully.
2025-12-02 22:25:48 [TestNG-test-OrangeHRM-Test-5] INFO  BaseClass - chrome browser launched successfully.
2025-12-02 22:25:48 [TestNG-test-OrangeHRM-Test-1] INFO  BaseClass - chrome browser launched successfully.
2025-12-02 22:25:48 [TestNG-test-OrangeHRM-Test-2] INFO  BaseClass - Configuring browser settings...
2025-12-02 22:25:48 [TestNG-test-OrangeHRM-Test-5] INFO  BaseClass - Configuring browser settings...
2025-12-02 22:25:48 [TestNG-test-OrangeHRM-Test-1] INFO  BaseClass - Configuring browser settings...
2025-12-02 22:25:48 [TestNG-test-OrangeHRM-Test-2] DEBUG BaseClass - Applying implicit wait: 10 seconds
2025-12-02 22:25:48 [TestNG-test-OrangeHRM-Test-1] DEBUG BaseClass - Applying implicit wait: 10 seconds
2025-12-02 22:25:48 [TestNG-test-OrangeHRM-Test-5] DEBUG BaseClass - Applying implicit wait: 10 seconds
2025-12-02 22:25:48 [TestNG-test-OrangeHRM-Test-2] DEBUG BaseClass - Returning WebDriver instance.
2025-12-02 22:25:48 [TestNG-test-OrangeHRM-Test-1] DEBUG BaseClass - Returning WebDriver instance.
2025-12-02 22:25:48 [TestNG-test-OrangeHRM-Test-5] DEBUG BaseClass - Returning WebDriver instance.
2025-12-02 22:25:48 [TestNG-test-OrangeHRM-Test-5] DEBUG BaseClass - Maximizing browser window...
2025-12-02 22:25:48 [TestNG-test-OrangeHRM-Test-5] DEBUG BaseClass - Returning WebDriver instance.
2025-12-02 22:25:48 [TestNG-test-OrangeHRM-Test-2] DEBUG BaseClass - Maximizing browser window...
2025-12-02 22:25:48 [TestNG-test-OrangeHRM-Test-2] DEBUG BaseClass - Returning WebDriver instance.
2025-12-02 22:25:48 [TestNG-test-OrangeHRM-Test-1] DEBUG BaseClass - Maximizing browser window...
2025-12-02 22:25:48 [TestNG-test-OrangeHRM-Test-1] DEBUG BaseClass - Returning WebDriver instance.
2025-12-02 22:25:49 [TestNG-test-OrangeHRM-Test-5] INFO  BaseClass - Navigating to URL: https://opensource-demo.orangehrmlive.com/web/index.php/auth/login
2025-12-02 22:25:49 [TestNG-test-OrangeHRM-Test-5] DEBUG BaseClass - Returning WebDriver instance.
2025-12-02 22:25:49 [TestNG-test-OrangeHRM-Test-1] INFO  BaseClass - Navigating to URL: https://opensource-demo.orangehrmlive.com/web/index.php/auth/login
2025-12-02 22:25:49 [TestNG-test-OrangeHRM-Test-2] INFO  BaseClass - Navigating to URL: https://opensource-demo.orangehrmlive.com/web/index.php/auth/login
2025-12-02 22:25:49 [TestNG-test-OrangeHRM-Test-1] DEBUG BaseClass - Returning WebDriver instance.
2025-12-02 22:25:49 [TestNG-test-OrangeHRM-Test-2] DEBUG BaseClass - Returning WebDriver instance.
2025-12-02 22:25:51 [TestNG-test-OrangeHRM-Test-3] DEBUG BaseClass - Returning WebDriver instance.
2025-12-02 22:25:51 [TestNG-test-OrangeHRM-Test-3] INFO  BaseClass - chrome browser launched successfully.
2025-12-02 22:25:51 [TestNG-test-OrangeHRM-Test-3] INFO  BaseClass - Configuring browser settings...
2025-12-02 22:25:51 [TestNG-test-OrangeHRM-Test-3] DEBUG BaseClass - Applying implicit wait: 10 seconds
2025-12-02 22:25:51 [TestNG-test-OrangeHRM-Test-3] DEBUG BaseClass - Returning WebDriver instance.
2025-12-02 22:25:51 [TestNG-test-OrangeHRM-Test-3] DEBUG BaseClass - Maximizing browser window...
2025-12-02 22:25:51 [TestNG-test-OrangeHRM-Test-3] DEBUG BaseClass - Returning WebDriver instance.
2025-12-02 22:25:51 [TestNG-test-OrangeHRM-Test-3] INFO  BaseClass - Navigating to URL: https://opensource-demo.orangehrmlive.com/web/index.php/auth/login
2025-12-02 22:25:51 [TestNG-test-OrangeHRM-Test-3] DEBUG BaseClass - Returning WebDriver instance.
2025-12-02 22:25:52 [TestNG-test-OrangeHRM-Test-2] DEBUG BaseClass - Static wait for 2 seconds before proceeding...
2025-12-02 22:25:52 [TestNG-test-OrangeHRM-Test-2] DEBUG BaseClass - Static wait for 2 seconds.
2025-12-02 22:25:52 [TestNG-test-OrangeHRM-Test-1] DEBUG BaseClass - Static wait for 2 seconds before proceeding...
2025-12-02 22:25:52 [TestNG-test-OrangeHRM-Test-1] DEBUG BaseClass - Static wait for 2 seconds.
2025-12-02 22:25:54 [TestNG-test-OrangeHRM-Test-3] DEBUG BaseClass - Static wait for 2 seconds before proceeding...
2025-12-02 22:25:54 [TestNG-test-OrangeHRM-Test-2] INFO  BaseClass - WebDriver initialized and browser launched successfully.
2025-12-02 22:27:20 [TestNG-test-OrangeHRM-Test-3] DEBUG BaseClass - Static wait for 2 seconds.
2025-12-02 22:27:20 [TestNG-test-OrangeHRM-Test-2] DEBUG BaseClass - Returning WebDriver instance.
2025-12-02 22:27:20 [TestNG-test-OrangeHRM-Test-2] DEBUG BaseClass - Fetching Properties object.
2025-12-02 22:25:53 [TestNG-test-OrangeHRM-Test-5] DEBUG BaseClass - Static wait for 2 seconds before proceeding...
2025-12-02 22:27:20 [TestNG-test-OrangeHRM-Test-5] DEBUG BaseClass - Static wait for 2 seconds.
2025-12-02 22:27:20 [TestNG-test-OrangeHRM-Test-2] INFO  ActionDriver - ActionDriver initialized with explicit wait: 30 seconds
2025-12-02 22:27:20 [TestNG-test-OrangeHRM-Test-2] INFO  BaseClass - Action Driver initialized for thread :42
2025-12-02 22:27:20 [TestNG-test-OrangeHRM-Test-2] DEBUG BaseClass - Returning WebDriver instance.
2025-12-02 22:27:20 [TestNG-test-OrangeHRM-Test-2] INFO  BaseClass - Test execution completed. Starting teardown...
2025-12-02 22:27:20 [TestNG-test-OrangeHRM-Test-2] DEBUG BaseClass - Returning WebDriver instance.
2025-12-02 22:27:20 [TestNG-test-OrangeHRM-Test-2] DEBUG BaseClass - Closing browser...
2025-12-02 22:27:20 [TestNG-test-OrangeHRM-Test-2] DEBUG BaseClass - Returning WebDriver instance.
2025-12-02 22:27:20 [TestNG-test-OrangeHRM-Test-2] INFO  BaseClass - Browser closed successfully.
2025-12-02 22:27:20 [TestNG-test-OrangeHRM-Test-2] INFO  BaseClass - Driver and ActionDriver instances reset to null.
2025-12-02 22:30:08 [main] INFO  BaseClass - Initializing Properties file loading...
2025-12-02 22:30:09 [main] INFO  BaseClass - Properties file loaded successfully.
2025-12-02 22:30:09 [TestNG-test-OrangeHRM-Test-4] INFO  BaseClass - Test Setup started...
2025-12-02 22:30:09 [TestNG-test-OrangeHRM-Test-5] INFO  BaseClass - Test Setup started...
2025-12-02 22:30:09 [TestNG-test-OrangeHRM-Test-1] INFO  BaseClass - Test Setup started...
2025-12-02 22:30:09 [TestNG-test-OrangeHRM-Test-5] INFO  BaseClass - Launching browser: chrome
2025-12-02 22:30:09 [TestNG-test-OrangeHRM-Test-4] INFO  BaseClass - Launching browser: chrome
2025-12-02 22:30:09 [TestNG-test-OrangeHRM-Test-2] INFO  BaseClass - Test Setup started...
2025-12-02 22:30:09 [TestNG-test-OrangeHRM-Test-1] INFO  BaseClass - Launching browser: chrome
2025-12-02 22:30:09 [TestNG-test-OrangeHRM-Test-5] DEBUG BaseClass - Initializing ChromeDriver...
2025-12-02 22:30:09 [TestNG-test-OrangeHRM-Test-4] DEBUG BaseClass - Initializing ChromeDriver...
2025-12-02 22:30:09 [TestNG-test-OrangeHRM-Test-2] INFO  BaseClass - Launching browser: chrome
2025-12-02 22:30:09 [TestNG-test-OrangeHRM-Test-1] DEBUG BaseClass - Initializing ChromeDriver...
2025-12-02 22:30:09 [TestNG-test-OrangeHRM-Test-2] DEBUG BaseClass - Initializing ChromeDriver...
2025-12-02 22:30:18 [TestNG-test-OrangeHRM-Test-4] DEBUG BaseClass - Returning WebDriver instance.
2025-12-02 22:30:18 [TestNG-test-OrangeHRM-Test-2] DEBUG BaseClass - Returning WebDriver instance.
2025-12-02 22:30:18 [TestNG-test-OrangeHRM-Test-4] INFO  BaseClass - chrome browser launched successfully.
2025-12-02 22:30:18 [TestNG-test-OrangeHRM-Test-4] INFO  BaseClass - Configuring browser settings...
2025-12-02 22:30:18 [TestNG-test-OrangeHRM-Test-1] DEBUG BaseClass - Returning WebDriver instance.
2025-12-02 22:30:18 [TestNG-test-OrangeHRM-Test-4] DEBUG BaseClass - Applying implicit wait: 10 seconds
2025-12-02 22:30:18 [TestNG-test-OrangeHRM-Test-1] INFO  BaseClass - chrome browser launched successfully.
2025-12-02 22:30:18 [TestNG-test-OrangeHRM-Test-4] DEBUG BaseClass - Returning WebDriver instance.
2025-12-02 22:30:18 [TestNG-test-OrangeHRM-Test-1] INFO  BaseClass - Configuring browser settings...
2025-12-02 22:30:18 [TestNG-test-OrangeHRM-Test-1] DEBUG BaseClass - Applying implicit wait: 10 seconds
2025-12-02 22:30:18 [TestNG-test-OrangeHRM-Test-1] DEBUG BaseClass - Returning WebDriver instance.
2025-12-02 22:30:18 [TestNG-test-OrangeHRM-Test-5] DEBUG BaseClass - Returning WebDriver instance.
2025-12-02 22:30:18 [TestNG-test-OrangeHRM-Test-5] INFO  BaseClass - chrome browser launched successfully.
2025-12-02 22:30:18 [TestNG-test-OrangeHRM-Test-5] INFO  BaseClass - Configuring browser settings...
2025-12-02 22:30:18 [TestNG-test-OrangeHRM-Test-5] DEBUG BaseClass - Applying implicit wait: 10 seconds
2025-12-02 22:30:18 [TestNG-test-OrangeHRM-Test-5] DEBUG BaseClass - Returning WebDriver instance.
2025-12-02 22:30:18 [TestNG-test-OrangeHRM-Test-5] DEBUG BaseClass - Maximizing browser window...
2025-12-02 22:30:18 [TestNG-test-OrangeHRM-Test-4] DEBUG BaseClass - Maximizing browser window...
2025-12-02 22:30:18 [TestNG-test-OrangeHRM-Test-4] DEBUG BaseClass - Returning WebDriver instance.
2025-12-02 22:30:18 [TestNG-test-OrangeHRM-Test-5] DEBUG BaseClass - Returning WebDriver instance.
2025-12-02 22:30:18 [TestNG-test-OrangeHRM-Test-1] DEBUG BaseClass - Maximizing browser window...
2025-12-02 22:30:18 [TestNG-test-OrangeHRM-Test-1] DEBUG BaseClass - Returning WebDriver instance.
2025-12-02 22:30:18 [TestNG-test-OrangeHRM-Test-2] INFO  BaseClass - chrome browser launched successfully.
2025-12-02 22:30:18 [TestNG-test-OrangeHRM-Test-2] INFO  BaseClass - Configuring browser settings...
2025-12-02 22:30:18 [TestNG-test-OrangeHRM-Test-2] DEBUG BaseClass - Applying implicit wait: 10 seconds
2025-12-02 22:30:18 [TestNG-test-OrangeHRM-Test-2] DEBUG BaseClass - Returning WebDriver instance.
2025-12-02 22:30:18 [TestNG-test-OrangeHRM-Test-2] DEBUG BaseClass - Maximizing browser window...
2025-12-02 22:30:18 [TestNG-test-OrangeHRM-Test-2] DEBUG BaseClass - Returning WebDriver instance.
2025-12-02 22:30:18 [TestNG-test-OrangeHRM-Test-2] INFO  BaseClass - Navigating to URL: https://opensource-demo.orangehrmlive.com/web/index.php/auth/login
2025-12-02 22:30:18 [TestNG-test-OrangeHRM-Test-2] DEBUG BaseClass - Returning WebDriver instance.
2025-12-02 22:30:18 [TestNG-test-OrangeHRM-Test-4] INFO  BaseClass - Navigating to URL: https://opensource-demo.orangehrmlive.com/web/index.php/auth/login
2025-12-02 22:30:18 [TestNG-test-OrangeHRM-Test-1] INFO  BaseClass - Navigating to URL: https://opensource-demo.orangehrmlive.com/web/index.php/auth/login
2025-12-02 22:30:18 [TestNG-test-OrangeHRM-Test-4] DEBUG BaseClass - Returning WebDriver instance.
2025-12-02 22:30:18 [TestNG-test-OrangeHRM-Test-1] DEBUG BaseClass - Returning WebDriver instance.
2025-12-02 22:30:18 [TestNG-test-OrangeHRM-Test-5] INFO  BaseClass - Navigating to URL: https://opensource-demo.orangehrmlive.com/web/index.php/auth/login
2025-12-02 22:30:18 [TestNG-test-OrangeHRM-Test-5] DEBUG BaseClass - Returning WebDriver instance.
2025-12-02 22:30:22 [TestNG-test-OrangeHRM-Test-1] DEBUG BaseClass - Static wait for 2 seconds before proceeding...
2025-12-02 22:30:22 [TestNG-test-OrangeHRM-Test-1] DEBUG BaseClass - Static wait for 2 seconds.
2025-12-02 22:30:22 [TestNG-test-OrangeHRM-Test-5] DEBUG BaseClass - Static wait for 2 seconds before proceeding...
2025-12-02 22:30:22 [TestNG-test-OrangeHRM-Test-5] DEBUG BaseClass - Static wait for 2 seconds.
2025-12-02 22:30:22 [TestNG-test-OrangeHRM-Test-2] DEBUG BaseClass - Static wait for 2 seconds before proceeding...
2025-12-02 22:30:22 [TestNG-test-OrangeHRM-Test-2] DEBUG BaseClass - Static wait for 2 seconds.
2025-12-02 22:30:22 [TestNG-test-OrangeHRM-Test-4] DEBUG BaseClass - Static wait for 2 seconds before proceeding...
2025-12-02 22:30:22 [TestNG-test-OrangeHRM-Test-4] DEBUG BaseClass - Static wait for 2 seconds.
2025-12-02 22:30:24 [TestNG-test-OrangeHRM-Test-1] INFO  BaseClass - WebDriver initialized and browser launched successfully.
2025-12-02 22:30:24 [TestNG-test-OrangeHRM-Test-1] DEBUG BaseClass - Returning WebDriver instance.
2025-12-02 22:30:24 [TestNG-test-OrangeHRM-Test-1] DEBUG BaseClass - Fetching Properties object.
2025-12-02 22:30:24 [TestNG-test-OrangeHRM-Test-1] INFO  ActionDriver - ActionDriver initialized with explicit wait: 30 seconds
2025-12-02 22:30:24 [TestNG-test-OrangeHRM-Test-1] INFO  BaseClass - Action Driver initialized for thread :39
2025-12-02 22:30:24 [TestNG-test-OrangeHRM-Test-1] DEBUG BaseClass - Returning WebDriver instance.
2025-12-02 22:30:24 [TestNG-test-OrangeHRM-Test-1] INFO  BaseClass - Test execution completed. Starting teardown...
2025-12-02 22:30:24 [TestNG-test-OrangeHRM-Test-1] DEBUG BaseClass - Returning WebDriver instance.
2025-12-02 22:30:24 [TestNG-test-OrangeHRM-Test-1] DEBUG BaseClass - Closing browser...
2025-12-02 22:30:24 [TestNG-test-OrangeHRM-Test-1] DEBUG BaseClass - Returning WebDriver instance.
2025-12-02 22:30:24 [TestNG-test-OrangeHRM-Test-5] INFO  BaseClass - WebDriver initialized and browser launched successfully.
2025-12-02 22:30:24 [TestNG-test-OrangeHRM-Test-5] DEBUG BaseClass - Returning WebDriver instance.
2025-12-02 22:30:24 [TestNG-test-OrangeHRM-Test-5] DEBUG BaseClass - Fetching Properties object.
2025-12-02 22:30:24 [TestNG-test-OrangeHRM-Test-5] INFO  ActionDriver - ActionDriver initialized with explicit wait: 30 seconds
2025-12-02 22:30:24 [TestNG-test-OrangeHRM-Test-5] INFO  BaseClass - Action Driver initialized for thread :43
2025-12-02 22:30:24 [TestNG-test-OrangeHRM-Test-2] INFO  BaseClass - WebDriver initialized and browser launched successfully.
2025-12-02 22:30:24 [TestNG-test-OrangeHRM-Test-2] DEBUG BaseClass - Returning WebDriver instance.
2025-12-02 22:30:24 [TestNG-test-OrangeHRM-Test-2] DEBUG BaseClass - Fetching Properties object.
2025-12-02 22:30:24 [TestNG-test-OrangeHRM-Test-2] INFO  ActionDriver - ActionDriver initialized with explicit wait: 30 seconds
2025-12-02 22:30:24 [TestNG-test-OrangeHRM-Test-2] INFO  BaseClass - Action Driver initialized for thread :40
2025-12-02 22:30:24 [TestNG-test-OrangeHRM-Test-2] DEBUG BaseClass - Returning WebDriver instance.
2025-12-02 22:30:24 [TestNG-test-OrangeHRM-Test-4] INFO  BaseClass - WebDriver initialized and browser launched successfully.
2025-12-02 22:30:24 [TestNG-test-OrangeHRM-Test-4] DEBUG BaseClass - Returning WebDriver instance.
2025-12-02 22:30:24 [TestNG-test-OrangeHRM-Test-4] DEBUG BaseClass - Fetching Properties object.
2025-12-02 22:30:24 [TestNG-test-OrangeHRM-Test-2] INFO  BaseClass - Test execution completed. Starting teardown...
2025-12-02 22:30:24 [TestNG-test-OrangeHRM-Test-4] INFO  ActionDriver - ActionDriver initialized with explicit wait: 30 seconds
2025-12-02 22:30:24 [TestNG-test-OrangeHRM-Test-2] DEBUG BaseClass - Returning WebDriver instance.
2025-12-02 22:30:24 [TestNG-test-OrangeHRM-Test-4] INFO  BaseClass - Action Driver initialized for thread :42
2025-12-02 22:30:24 [TestNG-test-OrangeHRM-Test-2] DEBUG BaseClass - Closing browser...
2025-12-02 22:30:24 [TestNG-test-OrangeHRM-Test-2] DEBUG BaseClass - Returning WebDriver instance.
2025-12-02 22:30:24 [TestNG-test-OrangeHRM-Test-3] INFO  BaseClass - Test Setup started...
2025-12-02 22:30:24 [TestNG-test-OrangeHRM-Test-3] INFO  BaseClass - Launching browser: chrome
2025-12-02 22:30:24 [TestNG-test-OrangeHRM-Test-3] DEBUG BaseClass - Initializing ChromeDriver...
2025-12-02 22:30:24 [TestNG-test-OrangeHRM-Test-5] DEBUG BaseClass - Returning WebDriver instance.
2025-12-02 22:30:24 [TestNG-test-OrangeHRM-Test-5] DEBUG BaseClass - Returning ActionDriver instance.
2025-12-02 22:30:24 [TestNG-test-OrangeHRM-Test-4] DEBUG BaseClass - Returning WebDriver instance.
2025-12-02 22:30:24 [TestNG-test-OrangeHRM-Test-4] DEBUG BaseClass - Returning ActionDriver instance.
2025-12-02 22:30:24 [TestNG-test-OrangeHRM-Test-5] DEBUG BaseClass - Returning WebDriver instance.
2025-12-02 22:30:24 [TestNG-test-OrangeHRM-Test-4] DEBUG BaseClass - Returning WebDriver instance.
2025-12-02 22:30:24 [TestNG-test-OrangeHRM-Test-4] DEBUG BaseClass - Returning ActionDriver instance.
2025-12-02 22:30:24 [TestNG-test-OrangeHRM-Test-5] DEBUG BaseClass - Returning ActionDriver instance.
2025-12-02 22:30:24 [TestNG-test-OrangeHRM-Test-5] INFO  ActionDriver - Entering text 'admin' into element: By.name: username
2025-12-02 22:30:24 [TestNG-test-OrangeHRM-Test-5] DEBUG ActionDriver - Waiting for element to be visible: By.name: username
2025-12-02 22:30:24 [TestNG-test-OrangeHRM-Test-4] INFO  BaseClass - Test execution completed. Starting teardown...
2025-12-02 22:30:24 [TestNG-test-OrangeHRM-Test-4] DEBUG BaseClass - Returning WebDriver instance.
2025-12-02 22:30:24 [TestNG-test-OrangeHRM-Test-4] DEBUG BaseClass - Closing browser...
2025-12-02 22:30:24 [TestNG-test-OrangeHRM-Test-4] DEBUG BaseClass - Returning WebDriver instance.
2025-12-02 22:30:24 [TestNG-test-OrangeHRM-Test-1] INFO  BaseClass - Browser closed successfully.
2025-12-02 22:30:24 [TestNG-test-OrangeHRM-Test-1] INFO  BaseClass - Driver and ActionDriver instances reset to null.
2025-12-02 22:30:24 [TestNG-test-OrangeHRM-Test-2] INFO  BaseClass - Browser closed successfully.
2025-12-02 22:30:24 [TestNG-test-OrangeHRM-Test-2] INFO  BaseClass - Driver and ActionDriver instances reset to null.
2025-12-02 22:30:24 [TestNG-test-OrangeHRM-Test-4] INFO  BaseClass - Browser closed successfully.
2025-12-02 22:30:24 [TestNG-test-OrangeHRM-Test-4] INFO  BaseClass - Driver and ActionDriver instances reset to null.
2025-12-02 22:30:25 [TestNG-test-OrangeHRM-Test-5] INFO  BaseClass - Test execution completed. Starting teardown...
2025-12-02 22:30:25 [TestNG-test-OrangeHRM-Test-5] DEBUG BaseClass - Returning WebDriver instance.
2025-12-02 22:30:25 [TestNG-test-OrangeHRM-Test-5] DEBUG BaseClass - Closing browser...
2025-12-02 22:30:25 [TestNG-test-OrangeHRM-Test-5] DEBUG BaseClass - Returning WebDriver instance.
2025-12-02 22:30:25 [TestNG-test-OrangeHRM-Test-5] INFO  BaseClass - Browser closed successfully.
2025-12-02 22:30:25 [TestNG-test-OrangeHRM-Test-5] INFO  BaseClass - Driver and ActionDriver instances reset to null.
2025-12-02 22:30:27 [TestNG-test-OrangeHRM-Test-3] DEBUG BaseClass - Returning WebDriver instance.
2025-12-02 22:30:27 [TestNG-test-OrangeHRM-Test-3] INFO  BaseClass - chrome browser launched successfully.
2025-12-02 22:30:27 [TestNG-test-OrangeHRM-Test-3] INFO  BaseClass - Configuring browser settings...
2025-12-02 22:30:27 [TestNG-test-OrangeHRM-Test-3] DEBUG BaseClass - Applying implicit wait: 10 seconds
2025-12-02 22:30:27 [TestNG-test-OrangeHRM-Test-3] DEBUG BaseClass - Returning WebDriver instance.
2025-12-02 22:30:27 [TestNG-test-OrangeHRM-Test-3] DEBUG BaseClass - Maximizing browser window...
2025-12-02 22:30:27 [TestNG-test-OrangeHRM-Test-3] DEBUG BaseClass - Returning WebDriver instance.
2025-12-02 22:30:27 [TestNG-test-OrangeHRM-Test-3] INFO  BaseClass - Navigating to URL: https://opensource-demo.orangehrmlive.com/web/index.php/auth/login
2025-12-02 22:30:27 [TestNG-test-OrangeHRM-Test-3] DEBUG BaseClass - Returning WebDriver instance.
2025-12-02 22:30:30 [TestNG-test-OrangeHRM-Test-3] DEBUG BaseClass - Static wait for 2 seconds before proceeding...
2025-12-02 22:30:30 [TestNG-test-OrangeHRM-Test-3] DEBUG BaseClass - Static wait for 2 seconds.
2025-12-02 22:30:32 [TestNG-test-OrangeHRM-Test-3] INFO  BaseClass - WebDriver initialized and browser launched successfully.
2025-12-02 22:30:32 [TestNG-test-OrangeHRM-Test-3] DEBUG BaseClass - Returning WebDriver instance.
2025-12-02 22:30:32 [TestNG-test-OrangeHRM-Test-3] DEBUG BaseClass - Fetching Properties object.
2025-12-02 22:30:32 [TestNG-test-OrangeHRM-Test-3] INFO  ActionDriver - ActionDriver initialized with explicit wait: 30 seconds
2025-12-02 22:30:32 [TestNG-test-OrangeHRM-Test-3] INFO  BaseClass - Action Driver initialized for thread :41
2025-12-02 22:30:32 [TestNG-test-OrangeHRM-Test-3] DEBUG BaseClass - Returning WebDriver instance.
2025-12-02 22:30:32 [TestNG-test-OrangeHRM-Test-3] DEBUG BaseClass - Returning ActionDriver instance.
2025-12-02 22:30:32 [TestNG-test-OrangeHRM-Test-3] DEBUG BaseClass - Returning WebDriver instance.
2025-12-02 22:30:32 [TestNG-test-OrangeHRM-Test-3] DEBUG BaseClass - Returning ActionDriver instance.
2025-12-02 22:30:32 [TestNG-test-OrangeHRM-Test-3] INFO  BaseClass - Test execution completed. Starting teardown...
2025-12-02 22:30:32 [TestNG-test-OrangeHRM-Test-3] DEBUG BaseClass - Returning WebDriver instance.
2025-12-02 22:30:32 [TestNG-test-OrangeHRM-Test-3] DEBUG BaseClass - Closing browser...
2025-12-02 22:30:32 [TestNG-test-OrangeHRM-Test-3] DEBUG BaseClass - Returning WebDriver instance.
2025-12-02 22:30:33 [TestNG-test-OrangeHRM-Test-3] INFO  BaseClass - Browser closed successfully.
2025-12-02 22:30:33 [TestNG-test-OrangeHRM-Test-3] INFO  BaseClass - Driver and ActionDriver instances reset to null.
2025-12-02 22:34:16 [main] INFO  BaseClass - Initializing Properties file loading...
2025-12-02 22:34:16 [main] INFO  BaseClass - Properties file loaded successfully.
2025-12-02 22:34:16 [TestNG-test-OrangeHRM-Test-1] INFO  BaseClass - Test Setup started...
2025-12-02 22:34:16 [TestNG-test-OrangeHRM-Test-2] INFO  BaseClass - Test Setup started...
2025-12-02 22:34:16 [TestNG-test-OrangeHRM-Test-5] INFO  BaseClass - Test Setup started...
2025-12-02 22:34:16 [TestNG-test-OrangeHRM-Test-4] INFO  BaseClass - Test Setup started...
2025-12-02 22:34:16 [TestNG-test-OrangeHRM-Test-1] INFO  BaseClass - Launching browser: chrome
2025-12-02 22:34:16 [TestNG-test-OrangeHRM-Test-4] INFO  BaseClass - Launching browser: chrome
2025-12-02 22:34:16 [TestNG-test-OrangeHRM-Test-2] INFO  BaseClass - Launching browser: chrome
2025-12-02 22:34:16 [TestNG-test-OrangeHRM-Test-1] DEBUG BaseClass - Initializing ChromeDriver...
2025-12-02 22:34:16 [TestNG-test-OrangeHRM-Test-4] DEBUG BaseClass - Initializing ChromeDriver...
2025-12-02 22:34:16 [TestNG-test-OrangeHRM-Test-5] INFO  BaseClass - Launching browser: chrome
2025-12-02 22:34:16 [TestNG-test-OrangeHRM-Test-2] DEBUG BaseClass - Initializing ChromeDriver...
2025-12-02 22:34:16 [TestNG-test-OrangeHRM-Test-5] DEBUG BaseClass - Initializing ChromeDriver...
2025-12-02 22:34:19 [TestNG-test-OrangeHRM-Test-5] DEBUG BaseClass - Returning WebDriver instance.
2025-12-02 22:34:19 [TestNG-test-OrangeHRM-Test-4] DEBUG BaseClass - Returning WebDriver instance.
2025-12-02 22:34:19 [TestNG-test-OrangeHRM-Test-4] INFO  BaseClass - chrome browser launched successfully.
2025-12-02 22:34:19 [TestNG-test-OrangeHRM-Test-4] INFO  BaseClass - Configuring browser settings...
2025-12-02 22:34:19 [TestNG-test-OrangeHRM-Test-4] DEBUG BaseClass - Applying implicit wait: 10 seconds
2025-12-02 22:34:19 [TestNG-test-OrangeHRM-Test-4] DEBUG BaseClass - Returning WebDriver instance.
2025-12-02 22:34:19 [TestNG-test-OrangeHRM-Test-5] INFO  BaseClass - chrome browser launched successfully.
2025-12-02 22:34:19 [TestNG-test-OrangeHRM-Test-5] INFO  BaseClass - Configuring browser settings...
2025-12-02 22:34:19 [TestNG-test-OrangeHRM-Test-5] DEBUG BaseClass - Applying implicit wait: 10 seconds
2025-12-02 22:34:19 [TestNG-test-OrangeHRM-Test-5] DEBUG BaseClass - Returning WebDriver instance.
2025-12-02 22:34:19 [TestNG-test-OrangeHRM-Test-2] DEBUG BaseClass - Returning WebDriver instance.
2025-12-02 22:34:19 [TestNG-test-OrangeHRM-Test-4] DEBUG BaseClass - Maximizing browser window...
2025-12-02 22:34:19 [TestNG-test-OrangeHRM-Test-4] DEBUG BaseClass - Returning WebDriver instance.
2025-12-02 22:34:19 [TestNG-test-OrangeHRM-Test-2] INFO  BaseClass - chrome browser launched successfully.
2025-12-02 22:34:19 [TestNG-test-OrangeHRM-Test-2] INFO  BaseClass - Configuring browser settings...
2025-12-02 22:34:19 [TestNG-test-OrangeHRM-Test-1] DEBUG BaseClass - Returning WebDriver instance.
2025-12-02 22:34:19 [TestNG-test-OrangeHRM-Test-1] INFO  BaseClass - chrome browser launched successfully.
2025-12-02 22:34:19 [TestNG-test-OrangeHRM-Test-1] INFO  BaseClass - Configuring browser settings...
2025-12-02 22:34:19 [TestNG-test-OrangeHRM-Test-1] DEBUG BaseClass - Applying implicit wait: 10 seconds
2025-12-02 22:34:19 [TestNG-test-OrangeHRM-Test-1] DEBUG BaseClass - Returning WebDriver instance.
2025-12-02 22:34:19 [TestNG-test-OrangeHRM-Test-2] DEBUG BaseClass - Applying implicit wait: 10 seconds
2025-12-02 22:34:19 [TestNG-test-OrangeHRM-Test-2] DEBUG BaseClass - Returning WebDriver instance.
2025-12-02 22:34:19 [TestNG-test-OrangeHRM-Test-2] DEBUG BaseClass - Maximizing browser window...
2025-12-02 22:34:19 [TestNG-test-OrangeHRM-Test-2] DEBUG BaseClass - Returning WebDriver instance.
2025-12-02 22:34:19 [TestNG-test-OrangeHRM-Test-1] DEBUG BaseClass - Maximizing browser window...
2025-12-02 22:34:19 [TestNG-test-OrangeHRM-Test-1] DEBUG BaseClass - Returning WebDriver instance.
2025-12-02 22:34:19 [TestNG-test-OrangeHRM-Test-5] DEBUG BaseClass - Maximizing browser window...
2025-12-02 22:34:19 [TestNG-test-OrangeHRM-Test-5] DEBUG BaseClass - Returning WebDriver instance.
2025-12-02 22:34:19 [TestNG-test-OrangeHRM-Test-2] INFO  BaseClass - Navigating to URL: https://opensource-demo.orangehrmlive.com/web/index.php/auth/login
2025-12-02 22:34:19 [TestNG-test-OrangeHRM-Test-2] DEBUG BaseClass - Returning WebDriver instance.
2025-12-02 22:34:20 [TestNG-test-OrangeHRM-Test-4] INFO  BaseClass - Navigating to URL: https://opensource-demo.orangehrmlive.com/web/index.php/auth/login
2025-12-02 22:34:20 [TestNG-test-OrangeHRM-Test-4] DEBUG BaseClass - Returning WebDriver instance.
2025-12-02 22:34:20 [TestNG-test-OrangeHRM-Test-1] INFO  BaseClass - Navigating to URL: https://opensource-demo.orangehrmlive.com/web/index.php/auth/login
2025-12-02 22:34:20 [TestNG-test-OrangeHRM-Test-1] DEBUG BaseClass - Returning WebDriver instance.
2025-12-02 22:34:20 [TestNG-test-OrangeHRM-Test-5] INFO  BaseClass - Navigating to URL: https://opensource-demo.orangehrmlive.com/web/index.php/auth/login
2025-12-02 22:34:20 [TestNG-test-OrangeHRM-Test-5] DEBUG BaseClass - Returning WebDriver instance.
2025-12-02 22:34:23 [TestNG-test-OrangeHRM-Test-4] DEBUG BaseClass - Static wait for 2 seconds before proceeding...
2025-12-02 22:34:23 [TestNG-test-OrangeHRM-Test-4] DEBUG BaseClass - Static wait for 2 seconds.
2025-12-02 22:34:23 [TestNG-test-OrangeHRM-Test-2] DEBUG BaseClass - Static wait for 2 seconds before proceeding...
2025-12-02 22:34:23 [TestNG-test-OrangeHRM-Test-2] DEBUG BaseClass - Static wait for 2 seconds.
2025-12-02 22:34:23 [TestNG-test-OrangeHRM-Test-1] DEBUG BaseClass - Static wait for 2 seconds before proceeding...
2025-12-02 22:34:23 [TestNG-test-OrangeHRM-Test-1] DEBUG BaseClass - Static wait for 2 seconds.
2025-12-02 22:34:24 [TestNG-test-OrangeHRM-Test-5] DEBUG BaseClass - Static wait for 2 seconds before proceeding...
2025-12-02 22:34:24 [TestNG-test-OrangeHRM-Test-5] DEBUG BaseClass - Static wait for 2 seconds.
2025-12-02 22:34:25 [TestNG-test-OrangeHRM-Test-4] INFO  BaseClass - WebDriver initialized and browser launched successfully.
2025-12-02 22:34:25 [TestNG-test-OrangeHRM-Test-4] DEBUG BaseClass - Returning WebDriver instance.
2025-12-02 22:34:25 [TestNG-test-OrangeHRM-Test-4] DEBUG BaseClass - Fetching Properties object.
2025-12-02 22:34:25 [TestNG-test-OrangeHRM-Test-4] INFO  ActionDriver - ActionDriver initialized with explicit wait: 30 seconds
2025-12-02 22:34:25 [TestNG-test-OrangeHRM-Test-4] INFO  BaseClass - Action Driver initialized for thread :41
2025-12-02 22:34:25 [TestNG-test-OrangeHRM-Test-3] INFO  BaseClass - Test Setup started...
2025-12-02 22:34:25 [TestNG-test-OrangeHRM-Test-3] INFO  BaseClass - Launching browser: chrome
2025-12-02 22:34:25 [TestNG-test-OrangeHRM-Test-2] INFO  BaseClass - WebDriver initialized and browser launched successfully.
2025-12-02 22:34:25 [TestNG-test-OrangeHRM-Test-3] DEBUG BaseClass - Initializing ChromeDriver...
2025-12-02 22:34:25 [TestNG-test-OrangeHRM-Test-2] DEBUG BaseClass - Returning WebDriver instance.
2025-12-02 22:34:25 [TestNG-test-OrangeHRM-Test-2] DEBUG BaseClass - Fetching Properties object.
2025-12-02 22:34:25 [TestNG-test-OrangeHRM-Test-2] INFO  ActionDriver - ActionDriver initialized with explicit wait: 30 seconds
2025-12-02 22:34:25 [TestNG-test-OrangeHRM-Test-2] INFO  BaseClass - Action Driver initialized for thread :39
2025-12-02 22:34:25 [TestNG-test-OrangeHRM-Test-2] DEBUG BaseClass - Returning WebDriver instance.
2025-12-02 22:34:25 [TestNG-test-OrangeHRM-Test-4] DEBUG BaseClass - Returning WebDriver instance.
2025-12-02 22:34:25 [TestNG-test-OrangeHRM-Test-4] DEBUG BaseClass - Returning ActionDriver instance.
2025-12-02 22:34:25 [TestNG-test-OrangeHRM-Test-1] INFO  BaseClass - WebDriver initialized and browser launched successfully.
2025-12-02 22:34:25 [TestNG-test-OrangeHRM-Test-1] DEBUG BaseClass - Returning WebDriver instance.
2025-12-02 22:34:25 [TestNG-test-OrangeHRM-Test-1] DEBUG BaseClass - Fetching Properties object.
2025-12-02 22:34:25 [TestNG-test-OrangeHRM-Test-1] INFO  ActionDriver - ActionDriver initialized with explicit wait: 30 seconds
2025-12-02 22:34:25 [TestNG-test-OrangeHRM-Test-1] INFO  BaseClass - Action Driver initialized for thread :38
2025-12-02 22:34:25 [TestNG-test-OrangeHRM-Test-1] DEBUG BaseClass - Returning WebDriver instance.
2025-12-02 22:34:25 [TestNG-test-OrangeHRM-Test-4] DEBUG BaseClass - Returning WebDriver instance.
2025-12-02 22:34:25 [TestNG-test-OrangeHRM-Test-4] DEBUG BaseClass - Returning ActionDriver instance.
2025-12-02 22:34:25 [TestNG-test-OrangeHRM-Test-2] INFO  BaseClass - Test execution completed. Starting teardown...
2025-12-02 22:34:25 [TestNG-test-OrangeHRM-Test-1] INFO  BaseClass - Test execution completed. Starting teardown...
2025-12-02 22:34:25 [TestNG-test-OrangeHRM-Test-2] DEBUG BaseClass - Returning WebDriver instance.
2025-12-02 22:34:25 [TestNG-test-OrangeHRM-Test-1] DEBUG BaseClass - Returning WebDriver instance.
2025-12-02 22:34:25 [TestNG-test-OrangeHRM-Test-2] DEBUG BaseClass - Closing browser...
2025-12-02 22:34:25 [TestNG-test-OrangeHRM-Test-1] DEBUG BaseClass - Closing browser...
2025-12-02 22:34:25 [TestNG-test-OrangeHRM-Test-2] DEBUG BaseClass - Returning WebDriver instance.
2025-12-02 22:34:25 [TestNG-test-OrangeHRM-Test-1] DEBUG BaseClass - Returning WebDriver instance.
2025-12-02 22:34:25 [TestNG-test-OrangeHRM-Test-4] INFO  ActionDriver - Entering text 'admin' into element: By.name: username
2025-12-02 22:34:25 [TestNG-test-OrangeHRM-Test-4] DEBUG ActionDriver - Waiting for element to be visible: By.name: username
2025-12-02 22:34:26 [TestNG-test-OrangeHRM-Test-5] INFO  BaseClass - WebDriver initialized and browser launched successfully.
2025-12-02 22:34:26 [TestNG-test-OrangeHRM-Test-5] DEBUG BaseClass - Returning WebDriver instance.
2025-12-02 22:34:26 [TestNG-test-OrangeHRM-Test-5] DEBUG BaseClass - Fetching Properties object.
2025-12-02 22:34:26 [TestNG-test-OrangeHRM-Test-5] INFO  ActionDriver - ActionDriver initialized with explicit wait: 30 seconds
2025-12-02 22:34:26 [TestNG-test-OrangeHRM-Test-5] INFO  BaseClass - Action Driver initialized for thread :42
2025-12-02 22:34:26 [TestNG-test-OrangeHRM-Test-5] DEBUG BaseClass - Returning WebDriver instance.
2025-12-02 22:34:26 [TestNG-test-OrangeHRM-Test-5] DEBUG BaseClass - Returning ActionDriver instance.
2025-12-02 22:34:26 [TestNG-test-OrangeHRM-Test-5] DEBUG BaseClass - Returning WebDriver instance.
2025-12-02 22:34:26 [TestNG-test-OrangeHRM-Test-5] DEBUG BaseClass - Returning ActionDriver instance.
2025-12-02 22:34:26 [TestNG-test-OrangeHRM-Test-5] INFO  ActionDriver - Entering text 'admin' into element: By.name: username
2025-12-02 22:34:26 [TestNG-test-OrangeHRM-Test-5] DEBUG ActionDriver - Waiting for element to be visible: By.name: username
2025-12-02 22:34:26 [TestNG-test-OrangeHRM-Test-2] INFO  BaseClass - Browser closed successfully.
2025-12-02 22:34:26 [TestNG-test-OrangeHRM-Test-1] INFO  BaseClass - Browser closed successfully.
2025-12-02 22:34:26 [TestNG-test-OrangeHRM-Test-1] INFO  BaseClass - Driver and ActionDriver instances reset to null.
2025-12-02 22:34:26 [TestNG-test-OrangeHRM-Test-2] INFO  BaseClass - Driver and ActionDriver instances reset to null.
2025-12-02 22:34:27 [TestNG-test-OrangeHRM-Test-4] DEBUG ActionDriver - Text entered successfully into: By.name: username
2025-12-02 22:34:27 [TestNG-test-OrangeHRM-Test-4] INFO  ActionDriver - Entering text 'admin123' into element: By.cssSelector: input[type='password']
2025-12-02 22:34:27 [TestNG-test-OrangeHRM-Test-4] DEBUG ActionDriver - Waiting for element to be visible: By.cssSelector: input[type='password']
2025-12-02 22:34:29 [TestNG-test-OrangeHRM-Test-5] DEBUG ActionDriver - Text entered successfully into: By.name: username
2025-12-02 22:34:29 [TestNG-test-OrangeHRM-Test-5] INFO  ActionDriver - Entering text 'admin123' into element: By.cssSelector: input[type='password']
2025-12-02 22:34:29 [TestNG-test-OrangeHRM-Test-5] DEBUG ActionDriver - Waiting for element to be visible: By.cssSelector: input[type='password']
2025-12-02 22:34:29 [TestNG-test-OrangeHRM-Test-3] DEBUG BaseClass - Returning WebDriver instance.
2025-12-02 22:34:29 [TestNG-test-OrangeHRM-Test-4] DEBUG ActionDriver - Text entered successfully into: By.cssSelector: input[type='password']
2025-12-02 22:34:29 [TestNG-test-OrangeHRM-Test-4] INFO  ActionDriver - Clicking element: class=oxd-button oxd-button--medium oxd-button--main orangehrm-login-button
2025-12-02 22:34:29 [TestNG-test-OrangeHRM-Test-4] DEBUG ActionDriver - Waiting for element to be clickable: By.xpath: //button[text()=' Login ']
2025-12-02 22:34:30 [TestNG-test-OrangeHRM-Test-5] DEBUG ActionDriver - Text entered successfully into: By.cssSelector: input[type='password']
2025-12-02 22:34:30 [TestNG-test-OrangeHRM-Test-4] DEBUG ActionDriver - Click action completed for: By.xpath: //button[text()=' Login ']
2025-12-02 22:34:30 [TestNG-test-OrangeHRM-Test-3] INFO  BaseClass - chrome browser launched successfully.
2025-12-02 22:34:30 [TestNG-test-OrangeHRM-Test-3] INFO  BaseClass - Configuring browser settings...
2025-12-02 22:34:30 [TestNG-test-OrangeHRM-Test-4] INFO  ActionDriver - Checking visibility of element: By.xpath: //span[text()='Admin']
2025-12-02 22:34:30 [TestNG-test-OrangeHRM-Test-3] DEBUG BaseClass - Applying implicit wait: 10 seconds
2025-12-02 22:34:30 [TestNG-test-OrangeHRM-Test-4] DEBUG ActionDriver - Waiting for element to be visible: By.xpath: //span[text()='Admin']
2025-12-02 22:34:30 [TestNG-test-OrangeHRM-Test-3] DEBUG BaseClass - Returning WebDriver instance.
2025-12-02 22:34:30 [TestNG-test-OrangeHRM-Test-3] DEBUG BaseClass - Maximizing browser window...
2025-12-02 22:34:30 [TestNG-test-OrangeHRM-Test-3] DEBUG BaseClass - Returning WebDriver instance.
2025-12-02 22:34:30 [TestNG-test-OrangeHRM-Test-5] INFO  ActionDriver - Clicking element: class=oxd-button oxd-button--medium oxd-button--main orangehrm-login-button
2025-12-02 22:34:30 [TestNG-test-OrangeHRM-Test-5] DEBUG ActionDriver - Waiting for element to be clickable: By.xpath: //button[text()=' Login ']
2025-12-02 22:34:30 [TestNG-test-OrangeHRM-Test-5] DEBUG ActionDriver - Click action completed for: By.xpath: //button[text()=' Login ']
2025-12-02 22:34:30 [TestNG-test-OrangeHRM-Test-5] INFO  ActionDriver - Checking visibility of element: By.xpath: //div[@class='oxd-brand-banner']//img
2025-12-02 22:34:30 [TestNG-test-OrangeHRM-Test-5] DEBUG ActionDriver - Waiting for element to be visible: By.xpath: //div[@class='oxd-brand-banner']//img
2025-12-02 22:34:30 [TestNG-test-OrangeHRM-Test-3] INFO  BaseClass - Navigating to URL: https://opensource-demo.orangehrmlive.com/web/index.php/auth/login
2025-12-02 22:34:30 [TestNG-test-OrangeHRM-Test-3] DEBUG BaseClass - Returning WebDriver instance.
2025-12-02 22:34:31 [TestNG-test-OrangeHRM-Test-4] INFO  ActionDriver - Clicking element: class=oxd-userdropdown-name
2025-12-02 22:34:31 [TestNG-test-OrangeHRM-Test-4] DEBUG ActionDriver - Waiting for element to be clickable: By.className: oxd-userdropdown-name
2025-12-02 22:34:31 [TestNG-test-OrangeHRM-Test-4] DEBUG ActionDriver - Click action completed for: By.className: oxd-userdropdown-name
2025-12-02 22:34:32 [TestNG-test-OrangeHRM-Test-4] INFO  ActionDriver - Clicking element: class=oxd-userdropdown-link
2025-12-02 22:34:32 [TestNG-test-OrangeHRM-Test-4] DEBUG ActionDriver - Waiting for element to be clickable: By.xpath: //a[text()='Logout']
2025-12-02 22:34:32 [TestNG-test-OrangeHRM-Test-5] INFO  BaseClass - Test execution completed. Starting teardown...
2025-12-02 22:34:32 [TestNG-test-OrangeHRM-Test-5] DEBUG BaseClass - Returning WebDriver instance.
2025-12-02 22:34:32 [TestNG-test-OrangeHRM-Test-5] DEBUG BaseClass - Closing browser...
2025-12-02 22:34:32 [TestNG-test-OrangeHRM-Test-5] DEBUG BaseClass - Returning WebDriver instance.
2025-12-02 22:34:32 [TestNG-test-OrangeHRM-Test-5] INFO  BaseClass - Browser closed successfully.
2025-12-02 22:34:32 [TestNG-test-OrangeHRM-Test-5] INFO  BaseClass - Driver and ActionDriver instances reset to null.
2025-12-02 22:34:33 [TestNG-test-OrangeHRM-Test-3] DEBUG BaseClass - Static wait for 2 seconds before proceeding...
2025-12-02 22:34:33 [TestNG-test-OrangeHRM-Test-3] DEBUG BaseClass - Static wait for 2 seconds.
2025-12-02 22:34:35 [TestNG-test-OrangeHRM-Test-4] DEBUG ActionDriver - Click action completed for: By.xpath: //a[text()='Logout']
2025-12-02 22:34:35 [TestNG-test-OrangeHRM-Test-4] DEBUG BaseClass - Static wait for 2 seconds.
2025-12-02 22:34:35 [TestNG-test-OrangeHRM-Test-3] INFO  BaseClass - WebDriver initialized and browser launched successfully.
2025-12-02 22:34:35 [TestNG-test-OrangeHRM-Test-3] DEBUG BaseClass - Returning WebDriver instance.
2025-12-02 22:34:35 [TestNG-test-OrangeHRM-Test-3] DEBUG BaseClass - Fetching Properties object.
2025-12-02 22:34:35 [TestNG-test-OrangeHRM-Test-3] INFO  ActionDriver - ActionDriver initialized with explicit wait: 30 seconds
2025-12-02 22:34:35 [TestNG-test-OrangeHRM-Test-3] INFO  BaseClass - Action Driver initialized for thread :40
2025-12-02 22:34:35 [TestNG-test-OrangeHRM-Test-3] DEBUG BaseClass - Returning WebDriver instance.
2025-12-02 22:34:35 [TestNG-test-OrangeHRM-Test-3] DEBUG BaseClass - Returning ActionDriver instance.
2025-12-02 22:34:35 [TestNG-test-OrangeHRM-Test-3] DEBUG BaseClass - Returning WebDriver instance.
2025-12-02 22:34:35 [TestNG-test-OrangeHRM-Test-3] DEBUG BaseClass - Returning ActionDriver instance.
2025-12-02 22:34:35 [TestNG-test-OrangeHRM-Test-3] INFO  ActionDriver - Entering text 'admin' into element: By.name: username
2025-12-02 22:34:35 [TestNG-test-OrangeHRM-Test-3] DEBUG ActionDriver - Waiting for element to be visible: By.name: username
2025-12-02 22:34:35 [TestNG-test-OrangeHRM-Test-3] DEBUG ActionDriver - Text entered successfully into: By.name: username
2025-12-02 22:34:35 [TestNG-test-OrangeHRM-Test-3] INFO  ActionDriver - Entering text 'admin13' into element: By.cssSelector: input[type='password']
2025-12-02 22:34:35 [TestNG-test-OrangeHRM-Test-3] DEBUG ActionDriver - Waiting for element to be visible: By.cssSelector: input[type='password']
2025-12-02 22:34:36 [TestNG-test-OrangeHRM-Test-3] DEBUG ActionDriver - Text entered successfully into: By.cssSelector: input[type='password']
2025-12-02 22:34:36 [TestNG-test-OrangeHRM-Test-3] INFO  ActionDriver - Clicking element: class=oxd-button oxd-button--medium oxd-button--main orangehrm-login-button
2025-12-02 22:34:36 [TestNG-test-OrangeHRM-Test-3] DEBUG ActionDriver - Waiting for element to be clickable: By.xpath: //button[text()=' Login ']
2025-12-02 22:34:36 [TestNG-test-OrangeHRM-Test-3] DEBUG ActionDriver - Click action completed for: By.xpath: //button[text()=' Login ']
2025-12-02 22:34:36 [TestNG-test-OrangeHRM-Test-3] INFO  ActionDriver - Comparing text for element: By.xpath: //p[text()='Invalid credentials']
2025-12-02 22:34:36 [TestNG-test-OrangeHRM-Test-3] DEBUG ActionDriver - Waiting for element to be visible: By.xpath: //p[text()='Invalid credentials']
2025-12-02 22:34:37 [TestNG-test-OrangeHRM-Test-4] INFO  BaseClass - Test execution completed. Starting teardown...
2025-12-02 22:34:37 [TestNG-test-OrangeHRM-Test-4] DEBUG BaseClass - Returning WebDriver instance.
2025-12-02 22:34:37 [TestNG-test-OrangeHRM-Test-4] DEBUG BaseClass - Closing browser...
2025-12-02 22:34:37 [TestNG-test-OrangeHRM-Test-4] DEBUG BaseClass - Returning WebDriver instance.
2025-12-02 22:34:37 [TestNG-test-OrangeHRM-Test-4] INFO  BaseClass - Browser closed successfully.
2025-12-02 22:34:37 [TestNG-test-OrangeHRM-Test-4] INFO  BaseClass - Driver and ActionDriver instances reset to null.
2025-12-02 22:34:38 [TestNG-test-OrangeHRM-Test-3] INFO  ActionDriver - Text matches.
2025-12-02 22:34:38 [TestNG-test-OrangeHRM-Test-3] INFO  BaseClass - Test execution completed. Starting teardown...
2025-12-02 22:34:38 [TestNG-test-OrangeHRM-Test-3] DEBUG BaseClass - Returning WebDriver instance.
2025-12-02 22:34:38 [TestNG-test-OrangeHRM-Test-3] DEBUG BaseClass - Closing browser...
2025-12-02 22:34:38 [TestNG-test-OrangeHRM-Test-3] DEBUG BaseClass - Returning WebDriver instance.
2025-12-02 22:34:38 [TestNG-test-OrangeHRM-Test-3] INFO  BaseClass - Browser closed successfully.
2025-12-02 22:34:38 [TestNG-test-OrangeHRM-Test-3] INFO  BaseClass - Driver and ActionDriver instances reset to null.
2025-12-02 23:06:51 [main] INFO  BaseClass - Loading application.properties...
2025-12-02 23:06:51 [main] INFO  BaseClass - Properties loaded successfully.
2025-12-02 23:06:51 [TestNG-test-OrangeHRM-Test-1] INFO  BaseClass - Setting up test: dummyTest
2025-12-02 23:06:51 [TestNG-test-OrangeHRM-Test-5] INFO  BaseClass - Setting up test: VerifyOrangeHRMLogo
2025-12-02 23:06:51 [TestNG-test-OrangeHRM-Test-2] INFO  BaseClass - Setting up test: dummyTest
2025-12-02 23:06:51 [TestNG-test-OrangeHRM-Test-3] INFO  BaseClass - Setting up test: invalidLogin
2025-12-02 23:06:51 [TestNG-test-OrangeHRM-Test-2] INFO  BaseClass - Launching browser: chrome
2025-12-02 23:06:51 [TestNG-test-OrangeHRM-Test-1] INFO  BaseClass - Launching browser: chrome
2025-12-02 23:06:51 [TestNG-test-OrangeHRM-Test-5] INFO  BaseClass - Launching browser: chrome
2025-12-02 23:06:51 [TestNG-test-OrangeHRM-Test-3] INFO  BaseClass - Launching browser: chrome
2025-12-02 23:07:01 [TestNG-test-OrangeHRM-Test-5] INFO  ActionDriver - ActionDriver initialized with explicit wait: 30 seconds
2025-12-02 23:07:01 [TestNG-test-OrangeHRM-Test-5] INFO  BaseClass - ActionDriver initialized for thread: 41
2025-12-02 23:07:01 [TestNG-test-OrangeHRM-Test-5] INFO  ActionDriver - Entering text 'admin' into element: By.name: username
2025-12-02 23:07:01 [TestNG-test-OrangeHRM-Test-5] DEBUG ActionDriver - Waiting for element to be visible: By.name: username
2025-12-02 23:07:04 [TestNG-test-OrangeHRM-Test-3] INFO  ActionDriver - ActionDriver initialized with explicit wait: 30 seconds
2025-12-02 23:07:04 [TestNG-test-OrangeHRM-Test-3] INFO  BaseClass - ActionDriver initialized for thread: 39
2025-12-02 23:07:04 [TestNG-test-OrangeHRM-Test-4] INFO  BaseClass - Setting up test: loginTest
2025-12-02 23:07:04 [TestNG-test-OrangeHRM-Test-4] INFO  BaseClass - Launching browser: chrome
2025-12-02 23:07:05 [TestNG-test-OrangeHRM-Test-1] INFO  ActionDriver - ActionDriver initialized with explicit wait: 30 seconds
2025-12-02 23:07:05 [TestNG-test-OrangeHRM-Test-1] INFO  BaseClass - ActionDriver initialized for thread: 37
2025-12-02 23:07:05 [TestNG-test-OrangeHRM-Test-2] INFO  ActionDriver - ActionDriver initialized with explicit wait: 30 seconds
2025-12-02 23:07:05 [TestNG-test-OrangeHRM-Test-2] INFO  BaseClass - ActionDriver initialized for thread: 38
2025-12-02 23:07:13 [TestNG-test-OrangeHRM-Test-4] INFO  ActionDriver - ActionDriver initialized with explicit wait: 30 seconds
2025-12-02 23:07:13 [TestNG-test-OrangeHRM-Test-4] INFO  BaseClass - ActionDriver initialized for thread: 40
2025-12-02 23:08:20 [main] INFO  BaseClass - Loading application.properties...
2025-12-02 23:08:20 [main] INFO  BaseClass - Properties loaded successfully.
2025-12-02 23:08:20 [TestNG-test-OrangeHRM-Test-5] INFO  BaseClass - Setting up test: VerifyOrangeHRMLogo
2025-12-02 23:08:20 [TestNG-test-OrangeHRM-Test-2] INFO  BaseClass - Setting up test: dummyTest
2025-12-02 23:08:20 [TestNG-test-OrangeHRM-Test-4] INFO  BaseClass - Setting up test: loginTest
2025-12-02 23:08:20 [TestNG-test-OrangeHRM-Test-1] INFO  BaseClass - Setting up test: dummyTest
2025-12-02 23:08:20 [TestNG-test-OrangeHRM-Test-2] INFO  BaseClass - Launching browser: chrome
2025-12-02 23:08:20 [TestNG-test-OrangeHRM-Test-1] INFO  BaseClass - Launching browser: chrome
2025-12-02 23:08:20 [TestNG-test-OrangeHRM-Test-4] INFO  BaseClass - Launching browser: chrome
2025-12-02 23:08:20 [TestNG-test-OrangeHRM-Test-5] INFO  BaseClass - Launching browser: chrome
2025-12-02 23:08:29 [TestNG-test-OrangeHRM-Test-4] INFO  ActionDriver - ActionDriver initialized with explicit wait: 30 seconds
2025-12-02 23:08:29 [TestNG-test-OrangeHRM-Test-4] INFO  BaseClass - ActionDriver initialized for thread: 39
2025-12-02 23:08:29 [TestNG-test-OrangeHRM-Test-3] INFO  BaseClass - Setting up test: invalidLogin
2025-12-02 23:08:29 [TestNG-test-OrangeHRM-Test-3] INFO  BaseClass - Launching browser: chrome
2025-12-02 23:08:29 [TestNG-test-OrangeHRM-Test-4] INFO  ActionDriver - Entering text 'admin' into element: By.name: username
2025-12-02 23:08:29 [TestNG-test-OrangeHRM-Test-4] DEBUG ActionDriver - Waiting for element to be visible: By.name: username
2025-12-02 23:08:30 [TestNG-test-OrangeHRM-Test-5] INFO  ActionDriver - ActionDriver initialized with explicit wait: 30 seconds
2025-12-02 23:08:30 [TestNG-test-OrangeHRM-Test-5] INFO  BaseClass - ActionDriver initialized for thread: 40
2025-12-02 23:08:30 [TestNG-test-OrangeHRM-Test-5] INFO  ActionDriver - Entering text 'admin' into element: By.name: username
2025-12-02 23:08:30 [TestNG-test-OrangeHRM-Test-5] DEBUG ActionDriver - Waiting for element to be visible: By.name: username
2025-12-02 23:08:31 [TestNG-test-OrangeHRM-Test-1] INFO  ActionDriver - ActionDriver initialized with explicit wait: 30 seconds
2025-12-02 23:08:31 [TestNG-test-OrangeHRM-Test-1] INFO  BaseClass - ActionDriver initialized for thread: 36
2025-12-02 23:08:34 [TestNG-test-OrangeHRM-Test-2] INFO  ActionDriver - ActionDriver initialized with explicit wait: 30 seconds
2025-12-02 23:08:34 [TestNG-test-OrangeHRM-Test-2] INFO  BaseClass - ActionDriver initialized for thread: 37
2025-12-02 23:08:38 [TestNG-test-OrangeHRM-Test-3] INFO  ActionDriver - ActionDriver initialized with explicit wait: 30 seconds
2025-12-02 23:08:38 [TestNG-test-OrangeHRM-Test-3] INFO  BaseClass - ActionDriver initialized for thread: 38
2025-12-02 23:08:38 [TestNG-test-OrangeHRM-Test-3] INFO  ActionDriver - Entering text 'admin' into element: By.name: username
2025-12-02 23:08:38 [TestNG-test-OrangeHRM-Test-3] DEBUG ActionDriver - Waiting for element to be visible: By.name: username
2025-12-02 23:10:45 [main] INFO  BaseClass - Loading application.properties...
2025-12-02 23:10:45 [main] INFO  BaseClass - Properties loaded successfully.
2025-12-02 23:10:45 [TestNG-test-OrangeHRM-Test-1] INFO  BaseClass - Setting up test: dummyTest
2025-12-02 23:10:45 [TestNG-test-OrangeHRM-Test-5] INFO  BaseClass - Setting up test: VerifyOrangeHRMLogo
2025-12-02 23:10:45 [TestNG-test-OrangeHRM-Test-4] INFO  BaseClass - Setting up test: loginTest
2025-12-02 23:10:45 [TestNG-test-OrangeHRM-Test-2] INFO  BaseClass - Setting up test: dummyTest
2025-12-02 23:10:45 [TestNG-test-OrangeHRM-Test-5] INFO  BaseClass - Launching browser: chrome
2025-12-02 23:10:45 [TestNG-test-OrangeHRM-Test-1] INFO  BaseClass - Launching browser: chrome
2025-12-02 23:10:45 [TestNG-test-OrangeHRM-Test-2] INFO  BaseClass - Launching browser: chrome
2025-12-02 23:10:45 [TestNG-test-OrangeHRM-Test-4] INFO  BaseClass - Launching browser: chrome
2025-12-02 23:10:57 [TestNG-test-OrangeHRM-Test-5] INFO  ActionDriver - ActionDriver initialized with explicit wait: 30 seconds
2025-12-02 23:10:57 [TestNG-test-OrangeHRM-Test-5] INFO  BaseClass - ActionDriver initialized for thread: 40
2025-12-02 23:10:57 [TestNG-test-OrangeHRM-Test-5] INFO  ActionDriver - Entering text 'admin' into element: By.name: username
2025-12-02 23:10:57 [TestNG-test-OrangeHRM-Test-5] DEBUG ActionDriver - Waiting for element to be visible: By.name: username
2025-12-02 23:10:59 [TestNG-test-OrangeHRM-Test-4] INFO  ActionDriver - ActionDriver initialized with explicit wait: 30 seconds
2025-12-02 23:10:59 [TestNG-test-OrangeHRM-Test-4] INFO  BaseClass - ActionDriver initialized for thread: 39
2025-12-02 23:10:59 [TestNG-test-OrangeHRM-Test-3] INFO  BaseClass - Setting up test: invalidLogin
2025-12-02 23:10:59 [TestNG-test-OrangeHRM-Test-3] INFO  BaseClass - Launching browser: chrome
2025-12-02 23:10:59 [TestNG-test-OrangeHRM-Test-4] INFO  ActionDriver - Entering text 'admin' into element: By.name: username
2025-12-02 23:10:59 [TestNG-test-OrangeHRM-Test-4] DEBUG ActionDriver - Waiting for element to be visible: By.name: username
2025-12-02 23:11:00 [TestNG-test-OrangeHRM-Test-2] INFO  ActionDriver - ActionDriver initialized with explicit wait: 30 seconds
2025-12-02 23:11:00 [TestNG-test-OrangeHRM-Test-2] INFO  BaseClass - ActionDriver initialized for thread: 37
2025-12-02 23:11:03 [TestNG-test-OrangeHRM-Test-1] INFO  ActionDriver - ActionDriver initialized with explicit wait: 30 seconds
2025-12-02 23:11:03 [TestNG-test-OrangeHRM-Test-1] INFO  BaseClass - ActionDriver initialized for thread: 36
2025-12-02 23:11:10 [TestNG-test-OrangeHRM-Test-3] INFO  ActionDriver - ActionDriver initialized with explicit wait: 30 seconds
2025-12-02 23:11:10 [TestNG-test-OrangeHRM-Test-3] INFO  BaseClass - ActionDriver initialized for thread: 38
2025-12-02 23:11:10 [TestNG-test-OrangeHRM-Test-3] INFO  ActionDriver - Entering text 'admin' into element: By.name: username
2025-12-02 23:11:10 [TestNG-test-OrangeHRM-Test-3] DEBUG ActionDriver - Waiting for element to be visible: By.name: username
2025-12-02 23:18:53 [main] INFO  BaseClass - Loading application.properties...
2025-12-02 23:18:53 [main] INFO  BaseClass - Properties loaded successfully.
2025-12-02 23:18:53 [TestNG-test-OrangeHRM-Test-3] INFO  BaseClass - Setting up test: invalidLogin
2025-12-02 23:18:53 [TestNG-test-OrangeHRM-Test-5] INFO  BaseClass - Setting up test: VerifyOrangeHRMLogo
2025-12-02 23:18:53 [TestNG-test-OrangeHRM-Test-2] INFO  BaseClass - Setting up test: dummyTest
2025-12-02 23:18:53 [TestNG-test-OrangeHRM-Test-1] INFO  BaseClass - Setting up test: dummyTest
2025-12-02 23:18:53 [TestNG-test-OrangeHRM-Test-1] INFO  BaseClass - Launching browser: chrome
2025-12-02 23:18:53 [TestNG-test-OrangeHRM-Test-5] INFO  BaseClass - Launching browser: chrome
2025-12-02 23:18:53 [TestNG-test-OrangeHRM-Test-2] INFO  BaseClass - Launching browser: chrome
2025-12-02 23:18:53 [TestNG-test-OrangeHRM-Test-3] INFO  BaseClass - Launching browser: chrome
2025-12-02 23:18:59 [TestNG-test-OrangeHRM-Test-5] INFO  ActionDriver - ActionDriver initialized with explicit wait: 30 seconds
2025-12-02 23:18:59 [TestNG-test-OrangeHRM-Test-5] INFO  BaseClass - ActionDriver initialized for thread: 40
2025-12-02 23:18:59 [TestNG-test-OrangeHRM-Test-5] INFO  ActionDriver - Entering text 'admin' into element: By.name: username
2025-12-02 23:18:59 [TestNG-test-OrangeHRM-Test-5] DEBUG ActionDriver - Waiting for element to be visible: By.name: username
2025-12-02 23:19:01 [TestNG-test-OrangeHRM-Test-1] INFO  ActionDriver - ActionDriver initialized with explicit wait: 30 seconds
2025-12-02 23:19:01 [TestNG-test-OrangeHRM-Test-2] INFO  ActionDriver - ActionDriver initialized with explicit wait: 30 seconds
2025-12-02 23:19:01 [TestNG-test-OrangeHRM-Test-1] INFO  BaseClass - ActionDriver initialized for thread: 36
2025-12-02 23:19:01 [TestNG-test-OrangeHRM-Test-2] INFO  BaseClass - ActionDriver initialized for thread: 37
2025-12-02 23:19:01 [TestNG-test-OrangeHRM-Test-3] INFO  ActionDriver - ActionDriver initialized with explicit wait: 30 seconds
2025-12-02 23:19:01 [TestNG-test-OrangeHRM-Test-3] INFO  BaseClass - ActionDriver initialized for thread: 38
2025-12-02 23:19:01 [TestNG-test-OrangeHRM-Test-4] INFO  BaseClass - Setting up test: loginTest
2025-12-02 23:19:01 [TestNG-test-OrangeHRM-Test-4] INFO  BaseClass - Launching browser: chrome
2025-12-02 23:19:01 [TestNG-test-OrangeHRM-Test-3] INFO  ActionDriver - Entering text 'admin' into element: By.name: username
2025-12-02 23:19:01 [TestNG-test-OrangeHRM-Test-3] DEBUG ActionDriver - Waiting for element to be visible: By.name: username
2025-12-02 23:19:01 [TestNG-test-OrangeHRM-Test-5] DEBUG ActionDriver - Text entered successfully into: By.name: username
2025-12-02 23:19:01 [TestNG-test-OrangeHRM-Test-5] INFO  ActionDriver - Entering text 'admin123' into element: By.cssSelector: input[type='password']
2025-12-02 23:19:01 [TestNG-test-OrangeHRM-Test-5] DEBUG ActionDriver - Waiting for element to be visible: By.cssSelector: input[type='password']
2025-12-02 23:19:01 [TestNG-test-OrangeHRM-Test-3] DEBUG ActionDriver - Text entered successfully into: By.name: username
2025-12-02 23:19:01 [TestNG-test-OrangeHRM-Test-3] INFO  ActionDriver - Entering text 'admin13' into element: By.cssSelector: input[type='password']
2025-12-02 23:19:01 [TestNG-test-OrangeHRM-Test-3] DEBUG ActionDriver - Waiting for element to be visible: By.cssSelector: input[type='password']
2025-12-02 23:19:01 [TestNG-test-OrangeHRM-Test-5] DEBUG ActionDriver - Text entered successfully into: By.cssSelector: input[type='password']
2025-12-02 23:19:01 [TestNG-test-OrangeHRM-Test-3] DEBUG ActionDriver - Text entered successfully into: By.cssSelector: input[type='password']
2025-12-02 23:19:01 [TestNG-test-OrangeHRM-Test-5] INFO  ActionDriver - Clicking element: class=oxd-button oxd-button--medium oxd-button--main orangehrm-login-button
2025-12-02 23:19:01 [TestNG-test-OrangeHRM-Test-5] DEBUG ActionDriver - Waiting for element to be clickable: By.xpath: //button[text()=' Login ']
2025-12-02 23:19:02 [TestNG-test-OrangeHRM-Test-3] INFO  ActionDriver - Clicking element: class=oxd-button oxd-button--medium oxd-button--main orangehrm-login-button
2025-12-02 23:19:02 [TestNG-test-OrangeHRM-Test-3] DEBUG ActionDriver - Waiting for element to be clickable: By.xpath: //button[text()=' Login ']
2025-12-02 23:19:02 [TestNG-test-OrangeHRM-Test-5] DEBUG ActionDriver - Click action completed for: By.xpath: //button[text()=' Login ']
2025-12-02 23:19:02 [TestNG-test-OrangeHRM-Test-5] INFO  ActionDriver - Checking visibility of element: By.xpath: //div[@class='oxd-brand-banner']//img
2025-12-02 23:19:02 [TestNG-test-OrangeHRM-Test-5] DEBUG ActionDriver - Waiting for element to be visible: By.xpath: //div[@class='oxd-brand-banner']//img
2025-12-02 23:19:03 [TestNG-test-OrangeHRM-Test-3] DEBUG ActionDriver - Click action completed for: By.xpath: //button[text()=' Login ']
2025-12-02 23:19:03 [TestNG-test-OrangeHRM-Test-3] INFO  ActionDriver - Comparing text for element: By.xpath: //p[text()='Invalid credentials']
2025-12-02 23:19:03 [TestNG-test-OrangeHRM-Test-3] DEBUG ActionDriver - Waiting for element to be visible: By.xpath: //p[text()='Invalid credentials']
2025-12-02 23:19:04 [TestNG-test-OrangeHRM-Test-3] INFO  ActionDriver - Text matches.
2025-12-02 23:19:08 [TestNG-test-OrangeHRM-Test-4] INFO  ActionDriver - ActionDriver initialized with explicit wait: 30 seconds
2025-12-02 23:19:08 [TestNG-test-OrangeHRM-Test-4] INFO  BaseClass - ActionDriver initialized for thread: 39
2025-12-02 23:19:08 [TestNG-test-OrangeHRM-Test-4] INFO  ActionDriver - Entering text 'admin' into element: By.name: username
2025-12-02 23:19:08 [TestNG-test-OrangeHRM-Test-4] DEBUG ActionDriver - Waiting for element to be visible: By.name: username
2025-12-02 23:19:08 [TestNG-test-OrangeHRM-Test-4] DEBUG ActionDriver - Text entered successfully into: By.name: username
2025-12-02 23:19:08 [TestNG-test-OrangeHRM-Test-4] INFO  ActionDriver - Entering text 'admin123' into element: By.cssSelector: input[type='password']
2025-12-02 23:19:08 [TestNG-test-OrangeHRM-Test-4] DEBUG ActionDriver - Waiting for element to be visible: By.cssSelector: input[type='password']
2025-12-02 23:19:08 [TestNG-test-OrangeHRM-Test-4] DEBUG ActionDriver - Text entered successfully into: By.cssSelector: input[type='password']
2025-12-02 23:19:08 [TestNG-test-OrangeHRM-Test-4] INFO  ActionDriver - Clicking element: class=oxd-button oxd-button--medium oxd-button--main orangehrm-login-button
2025-12-02 23:19:08 [TestNG-test-OrangeHRM-Test-4] DEBUG ActionDriver - Waiting for element to be clickable: By.xpath: //button[text()=' Login ']
2025-12-02 23:19:08 [TestNG-test-OrangeHRM-Test-4] DEBUG ActionDriver - Click action completed for: By.xpath: //button[text()=' Login ']
2025-12-02 23:19:08 [TestNG-test-OrangeHRM-Test-4] INFO  ActionDriver - Checking visibility of element: By.xpath: //span[text()='Admin']
2025-12-02 23:19:08 [TestNG-test-OrangeHRM-Test-4] DEBUG ActionDriver - Waiting for element to be visible: By.xpath: //span[text()='Admin']
2025-12-02 23:19:10 [TestNG-test-OrangeHRM-Test-4] INFO  ActionDriver - Clicking element: class=oxd-userdropdown-name
2025-12-02 23:19:10 [TestNG-test-OrangeHRM-Test-4] DEBUG ActionDriver - Waiting for element to be clickable: By.className: oxd-userdropdown-name
2025-12-02 23:19:10 [TestNG-test-OrangeHRM-Test-4] DEBUG ActionDriver - Click action completed for: By.className: oxd-userdropdown-name
2025-12-02 23:19:10 [TestNG-test-OrangeHRM-Test-4] INFO  ActionDriver - Clicking element: class=oxd-userdropdown-link
2025-12-02 23:19:10 [TestNG-test-OrangeHRM-Test-4] DEBUG ActionDriver - Waiting for element to be clickable: By.xpath: //a[text()='Logout']
2025-12-02 23:19:13 [TestNG-test-OrangeHRM-Test-4] DEBUG ActionDriver - Click action completed for: By.xpath: //a[text()='Logout']
